-- MySQL dump 10.13  Distrib 8.0.42, for Linux (x86_64)
--
-- Host: localhost    Database: sistema_pedidos
-- ------------------------------------------------------
-- Server version	8.0.42-0ubuntu0.24.04.2

/*!40101 SET @OLD_CHARACTER_SET_CLIENT=@@CHARACTER_SET_CLIENT */;
/*!40101 SET @OLD_CHARACTER_SET_RESULTS=@@CHARACTER_SET_RESULTS */;
/*!40101 SET @OLD_COLLATION_CONNECTION=@@COLLATION_CONNECTION */;
/*!50503 SET NAMES utf8mb4 */;
/*!40103 SET @OLD_TIME_ZONE=@@TIME_ZONE */;
/*!40103 SET TIME_ZONE='+00:00' */;
/*!40014 SET @OLD_UNIQUE_CHECKS=@@UNIQUE_CHECKS, UNIQUE_CHECKS=0 */;
/*!40014 SET @OLD_FOREIGN_KEY_CHECKS=@@FOREIGN_KEY_CHECKS, FOREIGN_KEY_CHECKS=0 */;
/*!40101 SET @OLD_SQL_MODE=@@SQL_MODE, SQL_MODE='NO_AUTO_VALUE_ON_ZERO' */;
/*!40111 SET @OLD_SQL_NOTES=@@SQL_NOTES, SQL_NOTES=0 */;


CREATE DATABASE IF NOT EXISTS sistema_pedidos;
USE sistema_pedidos;

--
-- Table structure for table `clientes`
--

DROP TABLE IF EXISTS `clientes`;
/*!40101 SET @saved_cs_client     = @@character_set_client */;
/*!50503 SET character_set_client = utf8mb4 */;
CREATE TABLE `clientes` (
  `id_cliente` int NOT NULL AUTO_INCREMENT,
  `nombre` varchar(255) NOT NULL,
  `cuit` varchar(255) NOT NULL,
  `email` text,
  `telefono` varchar(255) DEFAULT NULL,
  `direccion` text,
  `habilitado` tinyint(1) DEFAULT '1',
  `fecha_proximo_pedido` date DEFAULT NULL,
  PRIMARY KEY (`id_cliente`)
) ENGINE=InnoDB AUTO_INCREMENT=58 DEFAULT CHARSET=utf8mb4 COLLATE=utf8mb4_0900_ai_ci;
/*!40101 SET character_set_client = @saved_cs_client */;

--
-- Dumping data for table `clientes`
--

LOCK TABLES `clientes` WRITE;
/*!40000 ALTER TABLE `clientes` DISABLE KEYS */;
INSERT INTO `clientes` VALUES (1,'GIRARD CRISTIAN JOSE MARIA','000111',NULL,NULL,NULL,1,NULL),(2,'GOETTE JORGE ROSENDO','000112',NULL,NULL,NULL,1,NULL),(3,'MARTINS MOGO CESAR FABIAN','000113',NULL,NULL,NULL,1,NULL),(4,'SERVIS S.A','000114',NULL,NULL,NULL,1,NULL),(5,'MAYR MARIA ALICIA','000124',NULL,NULL,NULL,1,NULL),(6,'MOLINARI MARIA KARINA','000129',NULL,NULL,NULL,1,NULL),(7,'LELL CRISTHIAN RICARDO','000143',NULL,NULL,NULL,1,NULL),(8,'REGNER SRL','000146',NULL,NULL,NULL,1,NULL),(9,'RESTANO EMANUEL MATIAS','000175',NULL,NULL,NULL,1,NULL),(10,'FRIGORIFICO LA ANGELA S.R.L.','000182',NULL,NULL,NULL,1,NULL),(11,'VERA RODOLFO ESTEBAN','000185',NULL,NULL,NULL,1,NULL),(12,'LOPEZ MEDRANO JOSE','000202',NULL,NULL,NULL,1,NULL),(13,'DANS DIEGO','000211',NULL,NULL,NULL,1,NULL),(14,'ORMAZABAL HECTOR MARCELO','000215',NULL,NULL,NULL,1,NULL),(15,'HEINZE OMAR EUGENIO','000225',NULL,NULL,NULL,1,NULL),(16,'GARCIA RAFAEL LUIS','000234',NULL,NULL,NULL,1,NULL),(17,'SCHENFELD CARLOS ISIDORO','000236',NULL,NULL,NULL,1,NULL),(18,'LOITEGUI S.A. CONSTRUCTORA INMOBILIARIA Y FINANCIERA','000244',NULL,NULL,NULL,1,NULL),(19,'LELL SERGIO OMAR','000250',NULL,NULL,NULL,1,NULL),(20,'GIRAUD GUIDO ORLANDO RAMON','000278',NULL,NULL,NULL,1,NULL),(21,'ESTANCIAS DEL LITORAL CAMBA SA AGRIC GANAD','000304',NULL,NULL,NULL,1,NULL),(22,'PORCOMAGRO S.R.L.','000305',NULL,NULL,NULL,1,NULL),(23,'PAUL MIGUEL ANGEL FLORIAN','000313',NULL,NULL,NULL,1,NULL),(24,'COOPERATIVA AGRICOLA GANADERA Y SERV. PUBLIC. ARANGUREN LTDA','000389',NULL,NULL,NULL,1,NULL),(25,'UNIVERSIDAD NACIONAL DE ENTRE RIOS','000455',NULL,NULL,NULL,1,NULL),(26,'ALIMENTOS DEL CONOSUR S.A','000466',NULL,NULL,NULL,1,NULL),(27,'TIERRA VOLGA S.A.S','000505',NULL,NULL,NULL,1,NULL),(28,'HBK ALIMENTARIA S.R.L','000523',NULL,NULL,NULL,1,NULL),(29,'LH S.R.L','000532',NULL,NULL,NULL,1,NULL),(30,'BARON REMIGIO ANGEL BARON CARLOS BARON GABRIEL Y BARON NESTO','000638',NULL,NULL,NULL,1,NULL),(31,'C & C S.R.L','000639',NULL,NULL,NULL,1,NULL),(32,'ESC PROV DE NIVEL MEDIO Y SUP JUAN B ALBERDI NRO1','000640',NULL,NULL,NULL,1,NULL),(33,'MARSO HNOS S.R.L','000649',NULL,NULL,NULL,1,NULL),(34,'COVIAGRO LTDA','000651',NULL,NULL,NULL,1,NULL),(35,'AGRO LITORAL SOCIEDAD SIMPLE','000662',NULL,NULL,NULL,1,NULL),(36,'WEBER EVA MYRIAM','000674',NULL,NULL,NULL,1,NULL),(37,'LOS TRES PALOS SOCIEDAD ANONIMA','000682',NULL,NULL,NULL,1,NULL),(38,'RE LEONARDO ADOLFO MARIA','000732',NULL,NULL,NULL,1,NULL),(39,'PIEMONTE S.R.L','000739',NULL,NULL,NULL,1,NULL),(40,'TRES CRIADORES S.R.L','000740',NULL,NULL,NULL,1,NULL),(41,'SOSA CARLOS ADRIAN','000743',NULL,NULL,NULL,1,NULL),(42,'DORN OMAR MARTIN','000745',NULL,NULL,NULL,1,NULL),(43,'SERVICIOS AGROPECUARIOS DE ENTRE RIOS S.R.L','000772',NULL,NULL,NULL,1,NULL),(44,'LA MAJA S.A','000785',NULL,NULL,NULL,1,NULL),(45,'SCHENFELD EDUARDO MARCELO','000787',NULL,NULL,NULL,1,NULL),(46,'KRANEVITTER MARIO OMAR Y KRANEVITTER ALBERTO RAUL SOCIEDAD D','000827',NULL,NULL,NULL,1,NULL),(47,'SCHNEIDER ERALDO EDUARDO','000843',NULL,NULL,NULL,1,NULL),(48,'SIEBENLIST ROGELIO Y SIEBENLIST RUBEN','000849',NULL,NULL,NULL,1,NULL),(49,'VISCA DANIEL EMILIO','000875',NULL,NULL,NULL,1,NULL),(50,'HERRLEIN EDUARDO RUBEN','000888',NULL,NULL,NULL,1,NULL),(51,'EZCURRA MIGUEL MARTIN','000935',NULL,NULL,NULL,1,NULL),(52,'DEVICAS S A','000936',NULL,NULL,NULL,1,NULL),(53,'SAN FERNANDO S.A.','000959',NULL,NULL,NULL,1,NULL),(54,'GENOVA S.R.L.','000974',NULL,NULL,NULL,1,NULL),(55,'FADEL  SA','000979',NULL,NULL,NULL,1,NULL),(56,'EL HINOJO S. A.','001001',NULL,NULL,NULL,1,NULL),(57,'BIODER S.A','001044',NULL,NULL,NULL,1,NULL);
/*!40000 ALTER TABLE `clientes` ENABLE KEYS */;
UNLOCK TABLES;

--
-- Table structure for table `detalle_pedido`
--

DROP TABLE IF EXISTS `detalle_pedido`;
/*!40101 SET @saved_cs_client     = @@character_set_client */;
/*!50503 SET character_set_client = utf8mb4 */;
CREATE TABLE `detalle_pedido` (
  `id_detalle` int NOT NULL AUTO_INCREMENT,
  `id_pedido` int NOT NULL,
  `id_producto` int NOT NULL,
  `cantidad` int NOT NULL,
  `precio_unitario` decimal(10,2) NOT NULL,
  `subtotal` decimal(10,2) DEFAULT NULL,
  PRIMARY KEY (`id_detalle`),
  KEY `id_pedido` (`id_pedido`),
  KEY `id_producto` (`id_producto`),
  CONSTRAINT `detalle_pedido_ibfk_1` FOREIGN KEY (`id_pedido`) REFERENCES `pedidos` (`id_pedido`),
  CONSTRAINT `detalle_pedido_ibfk_2` FOREIGN KEY (`id_producto`) REFERENCES `productos` (`id_producto`)
) ENGINE=InnoDB AUTO_INCREMENT=43 DEFAULT CHARSET=utf8mb4 COLLATE=utf8mb4_0900_ai_ci;
/*!40101 SET character_set_client = @saved_cs_client */;

--
-- Dumping data for table `detalle_pedido`
--

LOCK TABLES `detalle_pedido` WRITE;
/*!40000 ALTER TABLE `detalle_pedido` DISABLE KEYS */;
INSERT INTO `detalle_pedido` VALUES (39,34,26,40,0.00,0.00),(40,35,2,23,0.00,0.00),(41,36,1,12,0.00,0.00),(42,36,2,45,0.00,0.00);
/*!40000 ALTER TABLE `detalle_pedido` ENABLE KEYS */;
UNLOCK TABLES;

--
-- Table structure for table `pedido_tokens`
--

DROP TABLE IF EXISTS `pedido_tokens`;
/*!40101 SET @saved_cs_client     = @@character_set_client */;
/*!50503 SET character_set_client = utf8mb4 */;
CREATE TABLE `pedido_tokens` (
  `id` int NOT NULL AUTO_INCREMENT,
  `token` varchar(100) NOT NULL,
  `id_cliente` int NOT NULL,
  `expires_at` datetime NOT NULL,
  `usado` tinyint(1) DEFAULT '0',
  PRIMARY KEY (`id`),
  UNIQUE KEY `token` (`token`),
  KEY `id_cliente` (`id_cliente`),
  CONSTRAINT `pedido_tokens_ibfk_1` FOREIGN KEY (`id_cliente`) REFERENCES `clientes` (`id_cliente`)
) ENGINE=InnoDB AUTO_INCREMENT=29 DEFAULT CHARSET=utf8mb4 COLLATE=utf8mb4_0900_ai_ci;
/*!40101 SET character_set_client = @saved_cs_client */;

--
-- Dumping data for table `pedido_tokens`
--

LOCK TABLES `pedido_tokens` WRITE;
/*!40000 ALTER TABLE `pedido_tokens` DISABLE KEYS */;
INSERT INTO `pedido_tokens` VALUES (1,'b88a70a35c542af2ec561b43653c0849',1,'2025-07-13 00:59:48',0),(2,'012db206faacd59aeed7eb8d97c5ecb2',1,'2025-07-13 02:14:46',1),(3,'925bd33c0ecfd3ba8a1fd9306a25752f',12,'2025-07-13 05:25:26',1),(4,'7da53b29ce9a1932f5ba3defe405b9db',12,'2025-07-13 05:25:49',0),(5,'70a8989852d7a7ac215f4cd8d2f1ca6a',2,'2025-07-13 05:29:23',0),(6,'1981ca9f6489e18cfc00d424504a362f',1,'2025-07-13 05:30:49',0),(7,'6f8524107229b09a74c004e8bdbd419c',1,'2025-07-13 21:36:01',0),(8,'2d349e2576fe8401c19f741388d092cd',4,'2025-07-14 18:50:01',0),(9,'78b7041fb08dc9fd8dc55c137919c072',1,'2025-07-14 22:06:18',0),(10,'ac5da5864642c10d5b11365ff7fa75a8',1,'2025-07-14 22:40:25',0),(11,'0d40b6964e82123dc9644ad648802378',1,'2025-07-14 22:43:51',0),(12,'686efa93dc772d56b213699fb6655544',1,'2025-07-14 22:47:30',0),(13,'80e5caeef19295691f7426246b4dcce5',1,'2025-07-14 23:04:16',0),(14,'8201963c4f1fe6e84c42594dd55b681c',1,'2025-07-14 23:04:42',0),(15,'31650005562032eddc08530744851da1',1,'2025-07-14 23:06:13',1),(16,'4a6f87c03d9af3eeed8f976064862246',27,'2025-07-15 01:57:44',1),(17,'423cf1fc185e1321792c1f6d370d555e',1,'2025-07-15 02:02:59',1),(18,'9c6987e4124e03176159d6fd73485633',2,'2025-07-15 13:18:58',0),(19,'3812b0149e9878d7b09d91404e43b041',1,'2025-07-15 17:24:21',0),(20,'4f3a444df73de8c6e5595b46e89934ab',1,'2025-07-15 17:26:10',1),(21,'f72e580281a8c5985a68dee73276a3ac',27,'2025-07-16 11:56:21',1),(22,'8f15514d28f807d3f74a90c8b0e700c3',3,'2025-07-19 17:39:45',0),(23,'7128d7f2611702c57d78e69e9bc67593',1,'2025-07-19 22:38:26',0),(24,'3142fcd8c4ea129c0f1252e519a83789',46,'2025-07-19 23:57:26',0),(25,'0b35e63956e4f27a2beb8e6a0703db37',2,'2025-07-20 00:13:14',0),(26,'7682b22d26d28a3d334c8e41ff41430e',1,'2025-07-20 00:22:59',0),(27,'57913ee54dd498fbd94afe01b75990fa',46,'2025-07-20 00:25:16',0),(28,'5e87907a7ed31134a2bcec2bfc37890d',30,'2025-07-20 19:50:52',1);
/*!40000 ALTER TABLE `pedido_tokens` ENABLE KEYS */;
UNLOCK TABLES;

--
-- Table structure for table `pedidos`
--

DROP TABLE IF EXISTS `pedidos`;
/*!40101 SET @saved_cs_client     = @@character_set_client */;
/*!50503 SET character_set_client = utf8mb4 */;
CREATE TABLE `pedidos` (
  `id_pedido` int NOT NULL AUTO_INCREMENT,
  `id_cliente` int NOT NULL,
  `id_usuario` int NOT NULL,
  `fecha_pedido` datetime DEFAULT CURRENT_TIMESTAMP,
  `total` decimal(10,2) DEFAULT NULL,
  `seguimiento_dist` varchar(50) NOT NULL,
  `estado` varchar(50) DEFAULT 'pendiente',
  `fecha_proximo_pedido` date DEFAULT NULL,
  PRIMARY KEY (`id_pedido`),
  KEY `id_cliente` (`id_cliente`),
  KEY `id_usuario` (`id_usuario`),
  CONSTRAINT `pedidos_ibfk_1` FOREIGN KEY (`id_cliente`) REFERENCES `clientes` (`id_cliente`),
  CONSTRAINT `pedidos_ibfk_2` FOREIGN KEY (`id_usuario`) REFERENCES `usuarios` (`id_usuario`)
) ENGINE=InnoDB AUTO_INCREMENT=37 DEFAULT CHARSET=utf8mb4 COLLATE=utf8mb4_0900_ai_ci;
/*!40101 SET character_set_client = @saved_cs_client */;

--
-- Dumping data for table `pedidos`
--

LOCK TABLES `pedidos` WRITE;
/*!40000 ALTER TABLE `pedidos` DISABLE KEYS */;
INSERT INTO `pedidos` VALUES (34,27,1,'2025-07-15 11:57:30',0.00,'','completado',NULL),(35,5,2,'2025-07-18 23:45:41',0.00,'','completado',NULL),(36,30,1,'2025-07-19 19:51:44',0.00,'','pendiente','2025-08-09');
/*!40000 ALTER TABLE `pedidos` ENABLE KEYS */;
UNLOCK TABLES;

--
-- Table structure for table `productos`
--

DROP TABLE IF EXISTS `productos`;
/*!40101 SET @saved_cs_client     = @@character_set_client */;
/*!50503 SET character_set_client = utf8mb4 */;
CREATE TABLE `productos` (
  `id_producto` int NOT NULL AUTO_INCREMENT,
  `nombre` varchar(100) NOT NULL,
  `descripcion` text,
  `precio_unitario` decimal(10,2) NOT NULL,
  `stock` int DEFAULT NULL,
  `id_proveedor` int DEFAULT NULL,
  PRIMARY KEY (`id_producto`),
  KEY `id_proveedor` (`id_proveedor`),
  CONSTRAINT `productos_ibfk_1` FOREIGN KEY (`id_proveedor`) REFERENCES `proveedores` (`id_proveedor`)
) ENGINE=InnoDB AUTO_INCREMENT=421 DEFAULT CHARSET=utf8mb4 COLLATE=utf8mb4_0900_ai_ci;
/*!40101 SET character_set_client = @saved_cs_client */;

--
-- Dumping data for table `productos`
--

LOCK TABLES `productos` WRITE;
/*!40000 ALTER TABLE `productos` DISABLE KEYS */;
INSERT INTO `productos` VALUES (1,'NF00-LCTPR','BABY PIG LACTA PRO',0.00,0,1),(2,'NF00-ULTS0','BABY PIG ULTRA SEC',0.00,0,1),(3,'NF00-BAB25','BABY PIG POWER 250 ML',0.00,0,1),(4,'NF00-SP000','NF 00 DESTETE SUPER PRECOZ LPU',0.00,0,1),(5,'NF00-LPU00','NF 0 DESTETE PRECOZ LPU',0.00,0,1),(6,'NF01-LPU00','NF 1 POSDESTETE LPU',0.00,0,1),(7,'NF01-LPUBB','NF 1 POSDESTETE LPU BIG BAG',0.00,0,1),(8,'NF02-LPU00','NF 2 PREINICIADOR LPU',0.00,0,1),(9,'NF02-LPUBB','NF 2 PREINICIADOR LPU BIG BAG ',0.00,0,1),(10,'NF02-LPUBB500','NF 2 PREINICIADOR LPU BIG BAG 500',0.00,0,1),(11,'NF02-42000','NF 2 CONC PREINICIADOR 420',0.00,0,1),(12,'NF03-25000','NF 3 CONC. INICIADOR 250',0.00,0,1),(13,'NF00-ALR00','NF 3 RECRIA CONCENTRADO 15%',0.00,0,1),(14,'NF00-ALRBB','NF 3 RECRIA CONCENTRADO 15% BIG BAG',0.00,0,1),(15,'NF03-25000','NF 3 INICIADOR LPU',0.00,0,1),(16,'NF03-250BB','NF 3 INICIADOR BIG BAG',0.00,0,1),(17,'NF04-4+000','NF 4 CONC. RECRÍA 100+',0.00,0,1),(18,'NF04-10005','NF 4 RECRIA CONCENTRADO 50',0.00,0,1),(19,'NF04-10005BB','NF 4 RECRIA CONCENTRADO 50 BIG BAG',0.00,0,1),(20,'NF05-5+000','NF 5 CONC. RECRÍA 50 +',0.00,0,1),(21,'NF05-5+0BB','NF 5 CONC. RECRÍA 50 + BIG BAG',0.00,0,1),(22,'NF12-CRE00','NF 12 PX 4% CERDOS CRECIMIENTO',0.00,0,1),(23,'NF12-CREBB','NF 12 PX 4% CERDOS CRECIMIENTO BIG BAG',0.00,0,1),(24,'NF13-TER00','NF 13 PX 4% CERDOS TERMINACIÓN',0.00,0,1),(25,'NF13-TERBB','NF 13 PX 4% CERDOS TERMINACIÓN BIG BAG',0.00,0,1),(26,'NF14-LAC00','NF 14 PX 4% CERDAS LACTANCIA',0.00,0,1),(27,'NF14-LACBB','NF 14 PX 4% CERDAS LACTANCIA BIG BAG',0.00,0,1),(28,'NF15-GES00','NF 15 PX 4 % CERDAS GESTACIÓN',0.00,0,1),(29,'NF15-GESBB','NF 15 PX 4 % CERDAS GESTACIÓN BIG BAG',0.00,0,1),(30,'NF16-REP00','NF 16 PX 4% CERDAS REPOSICIÓN',0.00,0,1),(31,'NF20-04MRP','NF 20 PX 4% CERDAS MULTIFASE RACION PREPARTO',0.00,0,1),(32,'NF20-04MRPBB','NF 20 PX 4% CERDAS MULTIFASE RACION PREPARTO BIG BAG',0.00,0,1),(324,'PTNA0009','ADIMIC EN BOLSA V1 (25KG)',0.00,0,2),(325,'PTNA0010','ADIMIC EN BOLSA V2 (25KG)',0.00,0,2),(326,'PTNA0011','ADIMIC EN BOLSA V3 (25KG)',0.00,0,2),(327,'PTNA0012','ADIMIC EN BIGBAG V1 (1000KG)',0.00,0,2),(328,'PTNA0013','ADIMIC EN BIGBAG V2 (1000KG)',0.00,0,2),(329,'PTNA0014','ADIMIC EN BIGBAG V3 (1000KG)',0.00,0,2),(330,'PTNA0044','TANFOL MONOGASTRICO EN BOLSA V1 (25KG)',0.00,0,2),(331,'PTNA0046','TANFOL MONOGASTRICO EN BOLSA V2 (25KG)',0.00,0,2),(332,'PTNA0048','TANFOL MONOGASTRICO EN BOLSA V3 (25KG)',0.00,0,2),(333,'PTNA0050','TANFOL MONOGASTRICO EN BIGBAG V1 (900KG)',0.00,0,2),(334,'PTNA0052','TANFOL MONOGASTRICO EN BIGBAG V2 (900KG)',0.00,0,2),(335,'PTNA0062','TANFOL MONOGASTRICO EN BIGBAG V3 (900KG)',0.00,0,2),(336,'PTNA0015','TANFOL BOVINOS EN BOLSA V1 (25KG)',0.00,0,2),(337,'PTNA0016','TANFOL BOVINOS EN BOLSA V2 (25KG)',0.00,0,2),(338,'PTNA0017','TANFOL BOVINOS EN BOLSA V3 (25KG)',0.00,0,2),(339,'PTNA0051','TANFOL BOVINOS EN BIGBAG V1 (1000KG)',0.00,0,2),(340,'PTNA0053','TANFOL BOVINOS EN BIGBAG V2 (1000KG)',0.00,0,2),(341,'PTNA0063','TANFOL BOVINOS EN BIGBAG V3 (1000KG)',0.00,0,2),(342,'PTNA0020','ALLMIC (BIOTER) BOLSA (25KG)',0.00,0,2),(343,'PTNA0021','ALLMIC (BIOTER) BIGBAG (1000KG)',0.00,0,2),(344,'PTNA0088','BIOMIC (BIOTER) BOLSA (25KG)',0.00,0,2),(345,'PTNA0089','BIOMIC (BIOTER) BIGBAG (1000KG)',0.00,0,2),(346,'PTNA0055','COLMAX EN BOLSA V1 (20KG)',0.00,0,2),(347,'PTNA0108','COLMAX EN BOLSA V2 (20KG)',0.00,0,2),(348,'PTNA0121','COLMAX EN BOLSA V3 (20KG)',0.00,0,2),(349,'PTNA0056','COLMAX EN BIGBAG V1 (600KG)',0.00,0,2),(350,'PTNA0140','COLMAX EN BIGBAG V2 (600KG)',0.00,0,2),(351,'PTNA0142','COLMAX EN BIGBAG V3 (600KG)',0.00,0,2),(352,'PTNA0033','LIPOWER EN BOLSA V1 (20KG)',0.00,0,2),(353,'PTNA0109','LIPOWER EN BOLSA V2 (20KG)',0.00,0,2),(354,'PTNA0122','LIPOWER EN BOLSA V3 (20KG)',0.00,0,2),(355,'PTNA0058','DRYNOVA BOLSA V1 (20KG)',0.00,0,2),(356,'PTNA0110','DRYNOVA BOLSA V2 (20KG)',0.00,0,2),(357,'PTNA0123','DRYNOVA BOLSA V3 (20KG)',0.00,0,2),(358,'PTNA0031','HEPATOSAFE BOLSA V1 (25KG)',0.00,0,2),(359,'PTNA0111','HEPATOSAFE BOLSA V2 (25KG)',0.00,0,2),(360,'PTNA0124','HEPATOSAFE BOLSA V3 (25KG)',0.00,0,2),(361,'PTNA0029','FIBIRA BOLSA V1 (25KG)',0.00,0,2),(362,'PTNA0112','FIBIRA BOLSA V2 (25KG)',0.00,0,2),(363,'PTNA0125','FIBIRA BOLSA V3 (25KG)',0.00,0,2),(364,'PTNA0036','SINERGIA BOLSA V1 (20KG)',0.00,0,2),(365,'PTNA0174','SINERGIA BOLSA V2 (20KG)',0.00,0,2),(366,'PTNA0175','SINERGIA BOLSA V3 (20KG)',0.00,0,2),(367,'PTNA0177','ADIMIC COOP TANDIL BOLSA V1 (25KG)',0.00,0,2),(368,'PTNA0018','ADSOR BOLSA V1 (25KG)',0.00,0,2),(369,'PTNA0114','ADSOR BOLSA V2 (25KG)',0.00,0,2),(370,'PTNA0127','ADSOR BOLSA V3 (25KG)',0.00,0,2),(371,'PTNA0019','ADSOR BIGBAG V1 (1000KG)',0.00,0,2),(372,'PTNA0141','ADSOR BIGBAG V2 (1000KG)',0.00,0,2),(373,'PTNA0143','ADSOR BIGBAG V3 (1000KG)',0.00,0,2),(374,'PTNA0071','SINERGIA SOLUBLE V1 (20KG)',0.00,0,2),(375,'PTNA0176','ADIMIC COOP TANDIL BIGBAG V1 (1000KG)',0.00,0,2),(376,'PTNL0002','FIBIRA SOLUBLE BOLSA V1 (25KG)',0.00,0,2),(377,'PTNA0115','FIBIRA SOLUBLE BOLSA V2 (25KG)',0.00,0,2),(378,'PTNA0128','FIBIRA SOLUBLE BOLSA V3 (25KG)',0.00,0,2),(379,'PTNA0035','SINERGIA PECES V1 (10KG)',0.00,0,2),(380,'PTNA0116','SINERGIA PECES V2 (10KG)',0.00,0,2),(381,'PTNA0129','SINERGIA PECES V3 (10KG)',0.00,0,2),(382,'PTNL0003','HEPATOSAFE LIQ V1 (10KG)',0.00,0,2),(383,'PTNA0117','HEPATOSAFE LIQ V2 (10KG)',0.00,0,2),(384,'PTNA0130','HEPATOSAFE LIQ V3 (10KG)',0.00,0,2),(385,'PTNA0043','Tanfol Pet V1 (25KG)',0.00,0,2),(386,'PTNA0178','Tanfol Pet V2 (25KG)',0.00,0,2),(387,'PTNA0179','Tanfol Pet V3 (25KG)',0.00,0,2),(388,'PTNL0005','CONCENTRADO ADIMIC EN BOLSA V1 (25KG)',0.00,0,2),(389,'PTNA0181','CONCENTRADO ADIMIC EN BOLSA V2 (25KG)',0.00,0,2),(390,'PTNA0182','CONCENTRADO ADIMIC EN BOLSA V3 (25KG)',0.00,0,2),(391,'PTNA0183','CONCENTRADO ADIMIC BIGBAG V1 (800KG)',0.00,0,2),(392,'PTNA0184','CONCENTRADO ADIMIC BIGBAG V2 (800KG)',0.00,0,2),(393,'PTNA0185','CONCENTRADO ADIMIC BIGBAG V3 (800KG)',0.00,0,2),(394,'PTNA0030','FIBIRA PET V2 (25KG)',0.00,0,2),(395,'PTNA0080','Adimic Pet V2 (25KG)',0.00,0,2),(396,'PTNA0032','HEPATOSAFE PET V2 (25KG)',0.00,0,2),(397,'AD140001','ADIMIC EN BOLSA TV (25KG)',0.00,0,2),(398,'AD140006','COLMAX EN BOLSA TV (20KG)',0.00,0,2),(399,'AD140007','LIPOWER EN BOLSA TV (20KG)',0.00,0,2),(400,'AD140002','TANFOL MONOGASTRICO EN BOLSA TV (25KG)',0.00,0,2),(401,'AD140009','HEPATOSAFE BOLSA TV (25KG)',0.00,0,2),(402,'PTNA0067','ENVIROCRON V1 (25KG)',0.00,0,2),(403,'PTNA0159','ENVIROCRON V2 (25KG)',0.00,0,2),(404,'PTNA0160','ENVIROCRON V3 (25KG)',0.00,0,2),(405,'PTNA0072','SINERGIA BOVINOS V1 (25KG)',0.00,0,2),(406,'PTNA0168','SINERGIA BOVINOS V2 (25KG)',0.00,0,2),(407,'PTNA0169','SINERGIA BOVINOS V3 (25KG)',0.00,0,2),(408,'PTNA0079','ADIMIC LAB SCOPE V1 (25KG)',0.00,0,2),(409,'PTNA0187','Thermonova V1 (25KG)',0.00,0,2),(410,'PTNA0188','Thermonova V2 (25KG)',0.00,0,2),(411,'PTNA0189','Thermonova V3 (25KG)',0.00,0,2),(412,'PTNA0076','COLMAX BOLIVIA (20KG)',0.00,0,2),(413,'PTNA0077','FIBIRA BOLIVIA (25KG)',0.00,0,2),(414,'PTNA0081','ADIMIC EN BOLSA BOLIVIA (25KG)',0.00,0,2),(415,'PTNA0082','HEPATOSAFE BOLIVIA (25KG)',0.00,0,2),(416,'PTNL0006','HEPATOSAFE LIQUIDO BOLIVIA (10KG)',0.00,0,2),(417,'PTNL0007','HEPATOSAFE LIQUIDO X 1000 KGS V1 (1000KG)',0.00,0,2),(418,'PTNA0190','CONCENTRADO ADIMIC LV (25KG)',0.00,0,2),(419,'PTNL0008','HEPATOSAFE LIQUIDO X 1000 KGS V2 (1000KG)',0.00,0,2),(420,'PTNL0009','HEPATOSAFE LIQUIDO X 1000 KGS V3 (1000KG)',0.00,0,2);
/*!40000 ALTER TABLE `productos` ENABLE KEYS */;
UNLOCK TABLES;

--
-- Table structure for table `productos_habilitados`
--

DROP TABLE IF EXISTS `productos_habilitados`;
/*!40101 SET @saved_cs_client     = @@character_set_client */;
/*!50503 SET character_set_client = utf8mb4 */;
CREATE TABLE `productos_habilitados` (
  `id_cliente` int NOT NULL,
  `id_producto` int NOT NULL,
  PRIMARY KEY (`id_cliente`,`id_producto`),
  KEY `id_producto` (`id_producto`),
  CONSTRAINT `productos_habilitados_ibfk_1` FOREIGN KEY (`id_cliente`) REFERENCES `clientes` (`id_cliente`),
  CONSTRAINT `productos_habilitados_ibfk_2` FOREIGN KEY (`id_producto`) REFERENCES `productos` (`id_producto`)
) ENGINE=InnoDB DEFAULT CHARSET=utf8mb4 COLLATE=utf8mb4_0900_ai_ci;
/*!40101 SET character_set_client = @saved_cs_client */;

--
-- Dumping data for table `productos_habilitados`
--

LOCK TABLES `productos_habilitados` WRITE;
/*!40000 ALTER TABLE `productos_habilitados` DISABLE KEYS */;
INSERT INTO `productos_habilitados` VALUES (2,1),(12,1),(13,1),(30,1),(12,2),(27,2),(30,2),(2,3),(27,3),(30,3),(1,4),(27,4),(3,5),(1,6),(3,6),(27,6),(1,8),(27,8),(1,13),(27,13),(1,18),(27,18),(2,21),(1,22),(27,22),(1,24),(27,24),(27,26),(27,27),(27,28),(27,30);
/*!40000 ALTER TABLE `productos_habilitados` ENABLE KEYS */;
UNLOCK TABLES;

--
-- Table structure for table `proveedores`
--

DROP TABLE IF EXISTS `proveedores`;
/*!40101 SET @saved_cs_client     = @@character_set_client */;
/*!50503 SET character_set_client = utf8mb4 */;
CREATE TABLE `proveedores` (
  `id_proveedor` int NOT NULL AUTO_INCREMENT,
  `nombre` varchar(255) NOT NULL,
  `activo` tinyint(1) DEFAULT '1',
  PRIMARY KEY (`id_proveedor`)
) ENGINE=InnoDB AUTO_INCREMENT=3 DEFAULT CHARSET=utf8mb4 COLLATE=utf8mb4_0900_ai_ci;
/*!40101 SET character_set_client = @saved_cs_client */;

--
-- Dumping data for table `proveedores`
--

LOCK TABLES `proveedores` WRITE;
/*!40000 ALTER TABLE `proveedores` DISABLE KEYS */;
INSERT INTO `proveedores` VALUES (1,'Nutrifarms',1),(2,'Adinova',1);
/*!40000 ALTER TABLE `proveedores` ENABLE KEYS */;
UNLOCK TABLES;

--
-- Table structure for table `rol`
--

DROP TABLE IF EXISTS `rol`;
/*!40101 SET @saved_cs_client     = @@character_set_client */;
/*!50503 SET character_set_client = utf8mb4 */;
CREATE TABLE `rol` (
  `id` bigint unsigned NOT NULL AUTO_INCREMENT,
  `rol_type` bigint NOT NULL,
  PRIMARY KEY (`id`)
) ENGINE=InnoDB AUTO_INCREMENT=3 DEFAULT CHARSET=utf8mb4 COLLATE=utf8mb4_0900_ai_ci;
/*!40101 SET character_set_client = @saved_cs_client */;

--
-- Dumping data for table `rol`
--

LOCK TABLES `rol` WRITE;
/*!40000 ALTER TABLE `rol` DISABLE KEYS */;
INSERT INTO `rol` VALUES (1,1),(2,2);
/*!40000 ALTER TABLE `rol` ENABLE KEYS */;
UNLOCK TABLES;

--
-- Table structure for table `usuarios`
--

DROP TABLE IF EXISTS `usuarios`;
/*!40101 SET @saved_cs_client     = @@character_set_client */;
/*!50503 SET character_set_client = utf8mb4 */;
CREATE TABLE `usuarios` (
  `id_usuario` int NOT NULL AUTO_INCREMENT,
  `nombre` varchar(100) NOT NULL,
  `email` varchar(100) DEFAULT NULL,
  `password` varchar(255) NOT NULL,
  `rol_id` bigint unsigned NOT NULL,
  PRIMARY KEY (`id_usuario`),
  KEY `rol_id` (`rol_id`),
  CONSTRAINT `usuarios_ibfk_1` FOREIGN KEY (`rol_id`) REFERENCES `rol` (`id`)
) ENGINE=InnoDB AUTO_INCREMENT=9 DEFAULT CHARSET=utf8mb4 COLLATE=utf8mb4_0900_ai_ci;
/*!40101 SET character_set_client = @saved_cs_client */;

--
-- Dumping data for table `usuarios`
--

LOCK TABLES `usuarios` WRITE;
/*!40000 ALTER TABLE `usuarios` DISABLE KEYS */;
INSERT INTO `usuarios` VALUES (1,'Usuario','user','$2b$10$6TsCrexcisC.Ad/rqvvh5OeZRKqB734gxaQ0GkKpcRwmwNfx3gJva',1),(2,'Administrador','admin','$2b$10$JEe4fcWPaQDi6T5ZMbmvyeKrVOeqKwvr9aVAM15LaB/6hOnaVJbWy',2),(3,'Usuario','juano','$2b$10$1NeCjSssp8oRHqh/lvU9/eLKNCteV3fiTkJoonv2Z96cM2piIJ0Vq',1),(4,'Usuario','leo','$2b$10$MAeMwKSRnwqkGbZGWFnrxOmoDBkmX1tJYIk2PIMGnr5MrHwm49fhC',1),(5,'Usuario','nacho','$2b$10$7Cv.6Mz/nwJEB1MDEz4X2eULKyrZUzc10qbBzK5pVdH9DgHUECCr.',1),(6,'Juan Manuel Torossi','jtorossi','$2b$10$1NeCjSssp8oRHqh/lvU9/eLKNCteV3fiTkJoonv2Z96cM2piIJ0Vq',1),(7,'Leonardo Costa','lcosta','$2b$10$MAeMwKSRnwqkGbZGWFnrxOmoDBkmX1tJYIk2PIMGnr5MrHwm49fhC',1),(8,'Ignacio Elua','ielua','$2b$10$7Cv.6Mz/nwJEB1MDEz4X2eULKyrZUzc10qbBzK5pVdH9DgHUECCr.',1);
/*!40000 ALTER TABLE `usuarios` ENABLE KEYS */;
UNLOCK TABLES;
/*!40103 SET TIME_ZONE=@OLD_TIME_ZONE */;

/*!40101 SET SQL_MODE=@OLD_SQL_MODE */;
/*!40014 SET FOREIGN_KEY_CHECKS=@OLD_FOREIGN_KEY_CHECKS */;
/*!40014 SET UNIQUE_CHECKS=@OLD_UNIQUE_CHECKS */;
/*!40101 SET CHARACTER_SET_CLIENT=@OLD_CHARACTER_SET_CLIENT */;
/*!40101 SET CHARACTER_SET_RESULTS=@OLD_CHARACTER_SET_RESULTS */;
/*!40101 SET COLLATION_CONNECTION=@OLD_COLLATION_CONNECTION */;
/*!40111 SET SQL_NOTES=@OLD_SQL_NOTES */;

-- Dump completed on 2025-07-21 16:53:14
