-- MySQL dump 10.13  Distrib 8.0.43, for Linux (x86_64)
--
-- Host: localhost    Database: sistema_pedidos
-- ------------------------------------------------------
-- Server version	8.0.43-0ubuntu0.24.04.1

CREATE DATABASE sistema_pedidos;
USE sistema_pedidos;

/*!40101 SET @OLD_CHARACTER_SET_CLIENT=@@CHARACTER_SET_CLIENT */;
/*!40101 SET @OLD_CHARACTER_SET_RESULTS=@@CHARACTER_SET_RESULTS */;
/*!40101 SET @OLD_COLLATION_CONNECTION=@@COLLATION_CONNECTION */;
/*!50503 SET NAMES utf8mb4 */;
/*!40103 SET @OLD_TIME_ZONE=@@TIME_ZONE */;
/*!40103 SET TIME_ZONE='+00:00' */;
/*!40014 SET @OLD_UNIQUE_CHECKS=@@UNIQUE_CHECKS, UNIQUE_CHECKS=0 */;
/*!40014 SET @OLD_FOREIGN_KEY_CHECKS=@@FOREIGN_KEY_CHECKS, FOREIGN_KEY_CHECKS=0 */;
/*!40101 SET @OLD_SQL_MODE=@@SQL_MODE, SQL_MODE='NO_AUTO_VALUE_ON_ZERO' */;
/*!40111 SET @OLD_SQL_NOTES=@@SQL_NOTES, SQL_NOTES=0 */;

--
-- Table structure for table `auditoria_acciones`
--

DROP TABLE IF EXISTS `auditoria_acciones`;
/*!40101 SET @saved_cs_client     = @@character_set_client */;
/*!50503 SET character_set_client = utf8mb4 */;
CREATE TABLE `auditoria_acciones` (
  `id_auditoria` int NOT NULL AUTO_INCREMENT,
  `id_usuario` int DEFAULT NULL,
  `tipo_accion` varchar(50) NOT NULL,
  `tabla` varchar(50) NOT NULL,
  `registro_id` int DEFAULT NULL,
  `detalle` text,
  `valor_anterior` text,
  `valor_nuevo` text,
  `direccion_ip` varchar(45) DEFAULT NULL,
  `fecha_accion` datetime DEFAULT CURRENT_TIMESTAMP,
  PRIMARY KEY (`id_auditoria`),
  KEY `id_usuario` (`id_usuario`),
  KEY `idx_auditoria_tipo` (`tipo_accion`),
  KEY `idx_auditoria_tabla` (`tabla`),
  KEY `idx_auditoria_fecha` (`fecha_accion`),
  CONSTRAINT `fk_auditoria_usuarios` FOREIGN KEY (`id_usuario`) REFERENCES `usuarios` (`id_usuario`) ON DELETE SET NULL
) ENGINE=InnoDB DEFAULT CHARSET=utf8mb4 COLLATE=utf8mb4_0900_ai_ci;
/*!40101 SET character_set_client = @saved_cs_client */;

--
-- Dumping data for table `auditoria_acciones`
--

LOCK TABLES `auditoria_acciones` WRITE;
/*!40000 ALTER TABLE `auditoria_acciones` DISABLE KEYS */;
/*!40000 ALTER TABLE `auditoria_acciones` ENABLE KEYS */;
UNLOCK TABLES;

--
-- Table structure for table `clientes`
--

DROP TABLE IF EXISTS `clientes`;
/*!40101 SET @saved_cs_client     = @@character_set_client */;
/*!50503 SET character_set_client = utf8mb4 */;
CREATE TABLE `clientes` (
  `id_cliente` int NOT NULL AUTO_INCREMENT,
  `nombre` varchar(255) NOT NULL,
  `cuit` varchar(255) NOT NULL,
  `email` text,
  `telefono` varchar(255) DEFAULT NULL,
  `direccion` text,
  `habilitado` tinyint(1) DEFAULT '1',
  `bloqueado` tinyint(1) DEFAULT '0',
  `fecha_proximo_pedido` date DEFAULT NULL,
  `created_at` datetime DEFAULT CURRENT_TIMESTAMP,
  `updated_at` datetime DEFAULT CURRENT_TIMESTAMP ON UPDATE CURRENT_TIMESTAMP,
  `created_by` int DEFAULT NULL,
  `updated_by` int DEFAULT NULL,
  PRIMARY KEY (`id_cliente`),
  KEY `idx_clientes_nombre` (`nombre`),
  KEY `idx_clientes_cuit` (`cuit`)
) ENGINE=InnoDB AUTO_INCREMENT=83 DEFAULT CHARSET=utf8mb4 COLLATE=utf8mb4_0900_ai_ci;
/*!40101 SET character_set_client = @saved_cs_client */;

--
-- Dumping data for table `clientes`
--

LOCK TABLES `clientes` WRITE;
/*!40000 ALTER TABLE `clientes` DISABLE KEYS */;
INSERT INTO `clientes` VALUES (1,'GIRARD CRISTIAN JOSE MARIA','000111',NULL,NULL,NULL,0,1,NULL,'2025-07-21 16:54:37','2025-07-28 17:06:54',NULL,NULL),(2,'GOETTE JORGE ROSENDO','000112',NULL,NULL,NULL,0,1,NULL,'2025-07-21 16:54:37','2025-07-25 14:49:30',NULL,NULL),(3,'MARTINS MOGO CESAR FABIAN','000113',NULL,NULL,NULL,0,1,NULL,'2025-07-21 16:54:37','2025-07-25 00:59:31',NULL,NULL),(4,'SERVIS S.A','000114',NULL,NULL,NULL,0,1,NULL,'2025-07-21 16:54:37','2025-07-24 22:23:26',NULL,NULL),(5,'MAYR MARIA ALICIA','000124',NULL,NULL,NULL,0,1,NULL,'2025-07-21 16:54:37','2025-07-24 22:12:03',NULL,NULL),(6,'MOLINARI MARIA KARINA','000129',NULL,NULL,NULL,0,1,NULL,'2025-07-21 16:54:37','2025-07-24 22:12:03',NULL,NULL),(7,'LELL CRISTHIAN RICARDO','000143',NULL,NULL,NULL,0,1,NULL,'2025-07-21 16:54:37','2025-07-24 22:12:03',NULL,NULL),(8,'REGNER SRL','000146',NULL,NULL,NULL,0,1,NULL,'2025-07-21 16:54:37','2025-07-24 22:12:03',NULL,NULL),(9,'RESTANO EMANUEL MATIAS','000175',NULL,NULL,NULL,0,1,NULL,'2025-07-21 16:54:37','2025-07-24 22:12:03',NULL,NULL),(10,'FRIGORIFICO LA ANGELA S.R.L.','000182',NULL,NULL,NULL,0,1,NULL,'2025-07-21 16:54:37','2025-07-24 22:12:03',NULL,NULL),(11,'VERA RODOLFO ESTEBAN','000185',NULL,NULL,NULL,0,1,NULL,'2025-07-21 16:54:37','2025-07-24 22:12:03',NULL,NULL),(12,'LOPEZ MEDRANO JOSE','000202',NULL,NULL,NULL,0,1,NULL,'2025-07-21 16:54:37','2025-07-24 22:12:41',NULL,NULL),(13,'DANS DIEGO','000211',NULL,NULL,NULL,0,1,NULL,'2025-07-21 16:54:37','2025-07-24 22:12:03',NULL,NULL),(14,'ORMAZABAL HECTOR MARCELO','000215',NULL,NULL,NULL,0,1,NULL,'2025-07-21 16:54:37','2025-07-24 22:12:03',NULL,NULL),(15,'HEINZE OMAR EUGENIO','000225',NULL,NULL,NULL,0,1,NULL,'2025-07-21 16:54:37','2025-07-24 22:12:03',NULL,NULL),(16,'GARCIA RAFAEL LUIS','000234',NULL,NULL,NULL,0,1,NULL,'2025-07-21 16:54:37','2025-07-24 22:12:03',NULL,NULL),(17,'SCHENFELD CARLOS ISIDORO','000236',NULL,NULL,NULL,0,1,NULL,'2025-07-21 16:54:37','2025-07-24 22:12:03',NULL,NULL),(18,'LOITEGUI S.A. CONSTRUCTORA INMOBILIARIA Y FINANCIERA','000244',NULL,NULL,NULL,0,1,NULL,'2025-07-21 16:54:37','2025-07-24 22:12:03',NULL,NULL),(19,'LELL SERGIO OMAR','000250',NULL,NULL,NULL,0,1,NULL,'2025-07-21 16:54:37','2025-07-24 22:12:03',NULL,NULL),(20,'GIRAUD GUIDO ORLANDO RAMON','000278',NULL,NULL,NULL,0,1,NULL,'2025-07-21 16:54:37','2025-07-24 22:12:03',NULL,NULL),(21,'ESTANCIAS DEL LITORAL CAMBA SA AGRIC GANAD','000304',NULL,NULL,NULL,0,1,NULL,'2025-07-21 16:54:37','2025-07-24 22:12:03',NULL,NULL),(22,'PORCOMAGRO S.R.L.','000305',NULL,NULL,NULL,0,1,NULL,'2025-07-21 16:54:37','2025-07-24 22:12:03',NULL,NULL),(23,'PAUL MIGUEL ANGEL FLORIAN','000313',NULL,NULL,NULL,0,1,NULL,'2025-07-21 16:54:37','2025-07-24 22:12:03',NULL,NULL),(24,'COOPERATIVA AGRICOLA GANADERA Y SERV. PUBLIC. \"\"\"ARANGUREN\"\"\"','000389',NULL,'2005320503',NULL,1,0,NULL,'2025-07-21 16:54:37','2025-08-27 14:59:50',NULL,NULL),(25,'UNIVERSIDAD NACIONAL DE ENTRE RIOS','000455',NULL,NULL,NULL,0,1,NULL,'2025-07-21 16:54:37','2025-07-24 22:12:03',NULL,NULL),(26,'ALIMENTOS DEL CONOSUR S.A','000466',NULL,NULL,NULL,0,1,NULL,'2025-07-21 16:54:37','2025-07-24 22:12:03',NULL,NULL),(27,'TIERRA VOLGA S.A.S','000505',NULL,NULL,NULL,0,1,NULL,'2025-07-21 16:54:37','2025-07-24 22:12:03',NULL,NULL),(28,'HBK ALIMENTARIA S.R.L','000523',NULL,NULL,NULL,0,1,NULL,'2025-07-21 16:54:37','2025-07-24 22:12:03',NULL,NULL),(29,'LH S.R.L','000532',NULL,NULL,NULL,0,1,NULL,'2025-07-21 16:54:37','2025-07-24 22:12:03',NULL,NULL),(30,'BARON REMIGIO ANGEL BARON CARLOS BARON GABRIEL Y BARON NESTO','000638',NULL,NULL,NULL,0,1,NULL,'2025-07-21 16:54:37','2025-07-24 22:12:03',NULL,NULL),(31,'C & C S.R.L','000639',NULL,NULL,NULL,0,1,NULL,'2025-07-21 16:54:37','2025-07-24 22:12:03',NULL,NULL),(32,'ESC PROV DE NIVEL MEDIO Y SUP JUAN B ALBERDI NRO1','000640',NULL,NULL,NULL,0,1,NULL,'2025-07-21 16:54:37','2025-07-24 22:12:03',NULL,NULL),(33,'MARSO HNOS S.R.L','000649',NULL,NULL,NULL,0,1,NULL,'2025-07-21 16:54:37','2025-07-24 22:12:03',NULL,NULL),(34,'COVIAGRO LTDA','000651',NULL,NULL,NULL,0,1,NULL,'2025-07-21 16:54:37','2025-07-24 22:12:03',NULL,NULL),(35,'AGRO LITORAL SOCIEDAD SIMPLE','000662',NULL,NULL,NULL,0,1,NULL,'2025-07-21 16:54:37','2025-07-24 22:12:03',NULL,NULL),(36,'WEBER EVA MYRIAM','000674',NULL,NULL,NULL,1,0,NULL,'2025-07-21 16:54:37','2025-08-08 01:51:08',NULL,NULL),(37,'LOS TRES PALOS SOCIEDAD ANONIMA','000682',NULL,NULL,NULL,1,0,NULL,'2025-07-21 16:54:37','2025-08-28 11:03:06',NULL,NULL),(38,'RE LEONARDO ADOLFO MARIA','000732',NULL,NULL,NULL,0,1,NULL,'2025-07-21 16:54:37','2025-07-24 22:12:03',NULL,NULL),(39,'PIEMONTE S.R.L','000739',NULL,NULL,NULL,1,0,NULL,'2025-07-21 16:54:37','2025-08-25 09:36:58',NULL,NULL),(40,'TRES CRIADORES S.R.L','000740',NULL,NULL,NULL,0,1,NULL,'2025-07-21 16:54:37','2025-07-24 22:12:03',NULL,NULL),(41,'SOSA CARLOS ADRIAN','000743',NULL,NULL,NULL,0,1,NULL,'2025-07-21 16:54:37','2025-07-24 22:12:03',NULL,NULL),(42,'DORN OMAR MARTIN','000745',NULL,NULL,NULL,0,1,NULL,'2025-07-21 16:54:37','2025-07-24 22:12:03',NULL,NULL),(43,'SERVICIOS AGROPECUARIOS DE ENTRE RIOS S.R.L','000772',NULL,NULL,NULL,0,1,NULL,'2025-07-21 16:54:37','2025-07-24 22:12:03',NULL,NULL),(44,'LA MAJA S.A','000785',NULL,NULL,NULL,0,1,NULL,'2025-07-21 16:54:37','2025-07-24 22:12:03',NULL,NULL),(45,'SCHENFELD EDUARDO MARCELO','000787',NULL,NULL,NULL,0,1,NULL,'2025-07-21 16:54:37','2025-07-24 22:12:03',NULL,NULL),(46,'KRANEVITTER MARIO OMAR Y KRANEVITTER ALBERTO RAUL SOCIEDAD D','000827',NULL,NULL,NULL,0,1,NULL,'2025-07-21 16:54:37','2025-07-24 22:12:03',NULL,NULL),(47,'SCHNEIDER ERALDO EDUARDO','000843',NULL,NULL,NULL,0,1,NULL,'2025-07-21 16:54:37','2025-07-24 22:12:03',NULL,NULL),(48,'SIEBENLIST ROGELIO Y SIEBENLIST RUBEN','000849',NULL,NULL,NULL,0,1,NULL,'2025-07-21 16:54:37','2025-07-24 22:12:03',NULL,NULL),(49,'VISCA DANIEL EMILIO','000875',NULL,NULL,NULL,0,1,NULL,'2025-07-21 16:54:37','2025-07-24 22:12:03',NULL,NULL),(50,'HERRLEIN EDUARDO RUBEN','000888',NULL,NULL,NULL,0,1,NULL,'2025-07-21 16:54:37','2025-07-24 22:12:03',NULL,NULL),(51,'EZCURRA MIGUEL MARTIN','000935',NULL,NULL,NULL,0,1,NULL,'2025-07-21 16:54:37','2025-07-24 22:12:03',NULL,NULL),(52,'DEVICAS S A','000936',NULL,NULL,NULL,0,1,NULL,'2025-07-21 16:54:37','2025-07-24 22:12:03',NULL,NULL),(53,'SAN FERNANDO S.A.','000959',NULL,NULL,NULL,0,1,NULL,'2025-07-21 16:54:37','2025-07-24 22:12:03',NULL,NULL),(54,'GENOVA S.R.L.','000974',NULL,NULL,NULL,0,1,NULL,'2025-07-21 16:54:37','2025-07-24 22:12:03',NULL,NULL),(55,'FADEL  SA','000979',NULL,NULL,NULL,0,1,NULL,'2025-07-21 16:54:37','2025-07-24 22:12:03',NULL,NULL),(56,'EL HINOJO S. A.','001001',NULL,NULL,NULL,1,0,NULL,'2025-07-21 16:54:37','2025-08-27 12:31:19',NULL,NULL),(57,'BIODER S.A','001044',NULL,NULL,NULL,0,1,NULL,'2025-07-21 16:54:37','2025-07-24 22:12:03',NULL,NULL),(58,'WAGNER JUAN CRUZ','031131',NULL,NULL,NULL,0,1,NULL,'2025-07-24 20:56:33','2025-07-24 22:12:03',NULL,NULL),(59,'KEMERER DANIEL GERMAN, KEMERER CLAUDIO MARTIN Y KEMERER ELBI','031150',NULL,NULL,NULL,1,0,NULL,'2025-07-24 20:56:33','2025-08-08 01:54:54',NULL,NULL),(60,'DOMVIL SA','031155',NULL,NULL,NULL,0,1,NULL,'2025-07-24 20:56:33','2025-07-24 22:12:03',NULL,NULL),(61,'NUTRITOTAL S.R.L.','031191',NULL,NULL,NULL,1,0,NULL,'2025-07-24 20:56:33','2025-08-08 11:59:03',NULL,NULL),(62,'BERLARI RICARDO CESAR','031140',NULL,NULL,NULL,0,1,NULL,'2025-07-24 20:56:33','2025-07-24 22:12:03',NULL,NULL),(63,'COOPERATIVA AGRICOLA GANADERA Y DE SERVICIOS PUBLICOS ARANGU','031197',NULL,NULL,NULL,0,1,NULL,'2025-07-24 20:56:33','2025-07-24 22:12:03',NULL,NULL),(64,'TIERRA VOLGA S.A.S.','031132',NULL,NULL,NULL,0,1,NULL,'2025-07-24 20:56:33','2025-07-24 22:12:03',NULL,NULL),(65,'TIERRA GREDA S A','031156',NULL,NULL,NULL,0,1,NULL,'2025-07-24 20:56:33','2025-07-24 22:12:03',NULL,NULL),(66,'AVICOLA 38 S.R.L.','031189',NULL,NULL,NULL,0,1,NULL,'2025-07-24 20:56:33','2025-07-24 22:12:03',NULL,NULL),(67,'FADEL SA','031147',NULL,NULL,NULL,0,1,NULL,'2025-07-24 20:56:33','2025-07-24 22:12:03',NULL,NULL),(68,'GRANJAS TABORDA S.R.L.','031136',NULL,NULL,NULL,0,1,NULL,'2025-07-24 20:56:33','2025-07-24 22:12:03',NULL,NULL),(69,'FOLMER GUILLERMINA ESTELA','031203',NULL,NULL,NULL,0,1,NULL,'2025-07-24 20:56:33','2025-07-24 22:12:03',NULL,NULL),(70,'REGNER DARIO RUBEN','031135',NULL,NULL,NULL,0,1,NULL,'2025-07-24 20:56:33','2025-07-24 22:12:03',NULL,NULL),(71,'FELLER SRL','031227',NULL,NULL,NULL,0,1,NULL,'2025-07-24 20:56:33','2025-07-24 22:12:03',NULL,NULL),(72,'LELL SERGIO OMAR','031205',NULL,NULL,NULL,0,1,NULL,'2025-07-24 20:56:33','2025-07-24 22:12:03',NULL,NULL),(73,'ROSKOPF UBALDO MARIO','031143',NULL,NULL,NULL,0,1,NULL,'2025-07-24 20:56:33','2025-07-24 22:12:03',NULL,NULL),(74,'PLUMA AGRICOLA ARGENTINA S. A. S.','031248',NULL,NULL,NULL,0,1,NULL,'2025-07-24 20:56:33','2025-07-24 22:12:03',NULL,NULL),(75,'C.ALI.SA (COMPLEJO ALIMENTARIO SOCIEDAD ANONIMA)','031243',NULL,NULL,NULL,0,1,NULL,'2025-07-24 20:56:33','2025-07-24 22:12:03',NULL,NULL),(76,'GRANJA DON PEPE S.R.L.','031247',NULL,NULL,NULL,0,1,NULL,'2025-07-24 20:56:33','2025-07-24 22:12:03',NULL,NULL),(77,'JACOB MANUEL ANTONIO','031246',NULL,NULL,NULL,0,1,NULL,'2025-07-24 20:56:33','2025-07-24 22:12:03',NULL,NULL),(78,'ROSKOPF OSCAR FRANCISCO','031206',NULL,NULL,NULL,0,1,NULL,'2025-07-24 20:56:33','2025-07-24 22:12:03',NULL,NULL),(79,'C Y B S.A','031207',NULL,NULL,NULL,0,1,NULL,'2025-07-24 20:56:33','2025-07-24 22:12:03',NULL,NULL),(80,'SCHNEIDER HERMINIO','031187',NULL,NULL,NULL,0,1,NULL,'2025-07-24 20:56:33','2025-08-08 13:06:23',NULL,NULL),(81,'SENGER GABRIEL HERNAN','031193',NULL,NULL,NULL,0,1,NULL,'2025-07-24 20:56:33','2025-07-24 22:12:03',NULL,NULL),(82,'COOPERATIVA AGRICOLA GANADERA Y SERV. PUBLIC. \"\"\"REYNAFE\"\"\"','0','','','',1,0,NULL,'2025-08-25 14:50:52','2025-08-25 14:51:17',NULL,NULL);
/*!40000 ALTER TABLE `clientes` ENABLE KEYS */;
UNLOCK TABLES;

--
-- Table structure for table `configuraciones`
--

DROP TABLE IF EXISTS `configuraciones`;
/*!40101 SET @saved_cs_client     = @@character_set_client */;
/*!50503 SET character_set_client = utf8mb4 */;
CREATE TABLE `configuraciones` (
  `clave` varchar(50) NOT NULL,
  `valor` text NOT NULL,
  `descripcion` varchar(255) DEFAULT NULL,
  `updated_at` datetime DEFAULT CURRENT_TIMESTAMP ON UPDATE CURRENT_TIMESTAMP,
  `updated_by` int DEFAULT NULL,
  PRIMARY KEY (`clave`),
  KEY `updated_by` (`updated_by`),
  CONSTRAINT `fk_config_usuarios` FOREIGN KEY (`updated_by`) REFERENCES `usuarios` (`id_usuario`) ON DELETE SET NULL
) ENGINE=InnoDB DEFAULT CHARSET=utf8mb4 COLLATE=utf8mb4_0900_ai_ci;
/*!40101 SET character_set_client = @saved_cs_client */;

--
-- Dumping data for table `configuraciones`
--

LOCK TABLES `configuraciones` WRITE;
/*!40000 ALTER TABLE `configuraciones` DISABLE KEYS */;
INSERT INTO `configuraciones` VALUES ('DIAS_RECORDATORIO_PEDIDO','7','Días de anticipación para recordar pedidos programados','2025-07-21 16:54:38',NULL),('EMAIL_NOTIFICACIONES','notificaciones@tierravolga.com','Email para envío de notificaciones','2025-07-21 16:54:38',NULL),('SISTEMA_NOMBRE','Sistema de Pedidos TV','Nombre del sistema','2025-07-21 16:54:38',NULL),('VERSION_DB','1.2.0','Versión actual de la base de datos','2025-07-21 16:54:38',NULL);
/*!40000 ALTER TABLE `configuraciones` ENABLE KEYS */;
UNLOCK TABLES;

--
-- Table structure for table `descuentos`
--

DROP TABLE IF EXISTS `descuentos`;
/*!40101 SET @saved_cs_client     = @@character_set_client */;
/*!50503 SET character_set_client = utf8mb4 */;
CREATE TABLE `descuentos` (
  `id_descuento` int NOT NULL AUTO_INCREMENT,
  `nombre` varchar(100) NOT NULL,
  `tipo` enum('porcentaje','monto_fijo') NOT NULL,
  `valor` decimal(10,2) NOT NULL,
  `fecha_inicio` date NOT NULL,
  `fecha_fin` date DEFAULT NULL,
  `id_cliente` int DEFAULT NULL,
  `id_producto` int DEFAULT NULL,
  `activo` tinyint(1) DEFAULT '1',
  `created_at` datetime DEFAULT CURRENT_TIMESTAMP,
  `updated_at` datetime DEFAULT CURRENT_TIMESTAMP ON UPDATE CURRENT_TIMESTAMP,
  `created_by` int DEFAULT NULL,
  `updated_by` int DEFAULT NULL,
  PRIMARY KEY (`id_descuento`),
  KEY `id_cliente` (`id_cliente`),
  KEY `id_producto` (`id_producto`),
  KEY `idx_descuentos_fecha` (`fecha_inicio`,`fecha_fin`),
  KEY `idx_descuentos_activo` (`activo`),
  CONSTRAINT `fk_descuentos_clientes` FOREIGN KEY (`id_cliente`) REFERENCES `clientes` (`id_cliente`) ON DELETE CASCADE,
  CONSTRAINT `fk_descuentos_productos` FOREIGN KEY (`id_producto`) REFERENCES `productos` (`id_producto`) ON DELETE CASCADE
) ENGINE=InnoDB DEFAULT CHARSET=utf8mb4 COLLATE=utf8mb4_0900_ai_ci;
/*!40101 SET character_set_client = @saved_cs_client */;

--
-- Dumping data for table `descuentos`
--

LOCK TABLES `descuentos` WRITE;
/*!40000 ALTER TABLE `descuentos` DISABLE KEYS */;
/*!40000 ALTER TABLE `descuentos` ENABLE KEYS */;
UNLOCK TABLES;

--
-- Table structure for table `detalle_pedido`
--

DROP TABLE IF EXISTS `detalle_pedido`;
/*!40101 SET @saved_cs_client     = @@character_set_client */;
/*!50503 SET character_set_client = utf8mb4 */;
CREATE TABLE `detalle_pedido` (
  `id_detalle` int NOT NULL AUTO_INCREMENT,
  `id_pedido` int NOT NULL,
  `id_producto` int NOT NULL,
  `cantidad` int NOT NULL,
  `precio_unitario` decimal(10,2) NOT NULL,
  `subtotal` decimal(10,2) DEFAULT NULL,
  `created_at` datetime DEFAULT CURRENT_TIMESTAMP,
  `updated_at` datetime DEFAULT CURRENT_TIMESTAMP ON UPDATE CURRENT_TIMESTAMP,
  `created_by` int DEFAULT NULL,
  `updated_by` int DEFAULT NULL,
  PRIMARY KEY (`id_detalle`),
  KEY `id_pedido` (`id_pedido`),
  KEY `id_producto` (`id_producto`),
  CONSTRAINT `detalle_pedido_ibfk_1` FOREIGN KEY (`id_pedido`) REFERENCES `pedidos` (`id_pedido`),
  CONSTRAINT `detalle_pedido_ibfk_2` FOREIGN KEY (`id_producto`) REFERENCES `productos` (`id_producto`),
  CONSTRAINT `chk_cantidad_positiva` CHECK ((`cantidad` > 0)),
  CONSTRAINT `chk_precio_detalle_positivo` CHECK ((`precio_unitario` > 0))
) ENGINE=InnoDB AUTO_INCREMENT=149 DEFAULT CHARSET=utf8mb4 COLLATE=utf8mb4_0900_ai_ci;
/*!40101 SET character_set_client = @saved_cs_client */;

--
-- Dumping data for table `detalle_pedido`
--

LOCK TABLES `detalle_pedido` WRITE;
/*!40000 ALTER TABLE `detalle_pedido` DISABLE KEYS */;
INSERT INTO `detalle_pedido` VALUES (45,39,424,180,0.01,1.80,'2025-07-31 19:58:58','2025-07-31 19:58:58',NULL,NULL),(46,39,425,400,0.01,4.00,'2025-07-31 19:58:58','2025-07-31 19:58:58',NULL,NULL),(47,39,426,450,0.01,4.50,'2025-07-31 19:58:58','2025-07-31 19:58:58',NULL,NULL),(48,39,427,625,0.01,6.25,'2025-07-31 19:58:58','2025-07-31 19:58:58',NULL,NULL),(49,39,429,180,0.01,1.80,'2025-07-31 19:58:58','2025-07-31 19:58:58',NULL,NULL),(50,39,421,180,0.01,1.80,'2025-07-31 19:58:58','2025-07-31 19:58:58',NULL,NULL),(51,39,434,24,0.01,0.24,'2025-07-31 19:58:58','2025-07-31 19:58:58',NULL,NULL),(65,46,324,2000,0.01,20.00,'2025-08-08 19:23:00','2025-08-08 19:23:00',NULL,NULL),(80,49,424,180,0.01,1.80,'2025-08-10 19:57:28','2025-08-10 19:57:28',NULL,NULL),(81,49,425,400,0.01,4.00,'2025-08-10 19:57:28','2025-08-10 19:57:28',NULL,NULL),(82,49,426,450,0.01,4.50,'2025-08-10 19:57:28','2025-08-10 19:57:28',NULL,NULL),(83,49,427,625,0.01,6.25,'2025-08-10 19:57:28','2025-08-10 19:57:28',NULL,NULL),(84,49,429,180,0.01,1.80,'2025-08-10 19:57:28','2025-08-10 19:57:28',NULL,NULL),(85,49,421,180,0.01,1.80,'2025-08-10 19:57:28','2025-08-10 19:57:28',NULL,NULL),(86,49,434,24,0.01,0.24,'2025-08-10 19:57:28','2025-08-10 19:57:28',NULL,NULL),(96,51,429,180,0.01,1.80,'2025-08-22 11:10:31','2025-08-22 11:10:31',NULL,NULL),(97,51,421,180,0.01,1.80,'2025-08-22 11:10:31','2025-08-22 11:10:31',NULL,NULL),(98,51,424,270,0.01,2.70,'2025-08-22 11:10:31','2025-08-22 11:10:31',NULL,NULL),(99,51,425,400,0.01,4.00,'2025-08-22 11:10:31','2025-08-22 11:10:31',NULL,NULL),(100,51,426,450,0.01,4.50,'2025-08-22 11:10:31','2025-08-22 11:10:31',NULL,NULL),(101,51,427,625,0.01,6.25,'2025-08-22 11:10:31','2025-08-22 11:10:31',NULL,NULL),(102,51,428,75,0.01,0.75,'2025-08-22 11:10:31','2025-08-22 11:10:31',NULL,NULL),(103,51,434,24,0.01,0.24,'2025-08-22 11:10:31','2025-08-22 11:10:31',NULL,NULL),(104,50,324,2000,0.01,20.00,'2025-08-22 11:10:49','2025-08-22 11:10:49',NULL,NULL),(105,53,18,3000,0.01,30.00,'2025-08-25 14:16:30','2025-08-25 14:16:30',NULL,NULL),(106,53,13,1500,0.01,15.00,'2025-08-25 14:16:30','2025-08-25 14:16:30',NULL,NULL),(122,54,13,4000,0.01,40.00,'2025-08-25 14:43:34','2025-08-25 14:43:34',NULL,NULL),(123,54,18,2000,0.01,20.00,'2025-08-25 14:43:34','2025-08-25 14:43:34',NULL,NULL),(124,54,434,80,0.01,0.80,'2025-08-25 14:43:34','2025-08-25 14:43:34',NULL,NULL),(125,54,23,7000,0.01,70.00,'2025-08-25 14:43:34','2025-08-25 14:43:34',NULL,NULL),(126,54,427,7000,0.01,70.00,'2025-08-25 14:43:34','2025-08-25 14:43:34',NULL,NULL),(127,54,26,1000,0.01,10.00,'2025-08-25 14:43:34','2025-08-25 14:43:34',NULL,NULL),(128,54,28,2000,0.01,20.00,'2025-08-25 14:43:34','2025-08-25 14:43:34',NULL,NULL),(129,54,30,1000,0.01,10.00,'2025-08-25 14:43:34','2025-08-25 14:43:34',NULL,NULL),(130,52,18,3000,0.01,30.00,'2025-08-25 14:43:48','2025-08-25 14:43:48',NULL,NULL),(131,52,13,1500,0.01,15.00,'2025-08-25 14:43:48','2025-08-25 14:43:48',NULL,NULL),(132,52,6,2000,0.01,20.00,'2025-08-25 14:43:48','2025-08-25 14:43:48',NULL,NULL),(133,52,8,7500,0.01,75.00,'2025-08-25 14:43:48','2025-08-25 14:43:48',NULL,NULL),(134,52,434,200,0.01,2.00,'2025-08-25 14:43:48','2025-08-25 14:43:48',NULL,NULL),(135,55,22,121409440,0.01,1214094.40,'2025-08-27 12:38:59','2025-08-27 12:38:59',NULL,NULL),(136,55,24,11900,0.01,119.00,'2025-08-27 12:38:59','2025-08-27 12:38:59',NULL,NULL),(137,55,2,260,0.01,2.60,'2025-08-27 12:38:59','2025-08-27 12:38:59',NULL,NULL),(138,55,3,15,0.01,0.15,'2025-08-27 12:38:59','2025-08-27 12:38:59',NULL,NULL),(144,56,6,750,0.01,7.50,'2025-08-28 11:07:20','2025-08-28 11:07:20',NULL,NULL),(145,56,8,2800,0.01,28.00,'2025-08-28 11:07:20','2025-08-28 11:07:20',NULL,NULL),(146,56,13,375,0.01,3.75,'2025-08-28 11:07:20','2025-08-28 11:07:20',NULL,NULL),(147,56,425,1000,0.01,10.00,'2025-08-28 11:07:20','2025-08-28 11:07:20',NULL,NULL),(148,56,434,60,0.01,0.60,'2025-08-28 11:07:20','2025-08-28 11:07:20',NULL,NULL);
/*!40000 ALTER TABLE `detalle_pedido` ENABLE KEYS */;
UNLOCK TABLES;
/*!50003 SET @saved_cs_client      = @@character_set_client */ ;
/*!50003 SET @saved_cs_results     = @@character_set_results */ ;
/*!50003 SET @saved_col_connection = @@collation_connection */ ;
/*!50003 SET character_set_client  = utf8mb4 */ ;
/*!50003 SET character_set_results = utf8mb4 */ ;
/*!50003 SET collation_connection  = utf8mb4_0900_ai_ci */ ;
/*!50003 SET @saved_sql_mode       = @@sql_mode */ ;
/*!50003 SET sql_mode              = 'ONLY_FULL_GROUP_BY,STRICT_TRANS_TABLES,NO_ZERO_IN_DATE,NO_ZERO_DATE,ERROR_FOR_DIVISION_BY_ZERO,NO_ENGINE_SUBSTITUTION' */ ;
DELIMITER ;;
/*!50003 CREATE*/ /*!50017 DEFINER=`root`@`localhost`*/ /*!50003 TRIGGER `trg_detalle_before_insert` BEFORE INSERT ON `detalle_pedido` FOR EACH ROW BEGIN
    SET NEW.subtotal = NEW.cantidad * NEW.precio_unitario;
END */;;
DELIMITER ;
/*!50003 SET sql_mode              = @saved_sql_mode */ ;
/*!50003 SET character_set_client  = @saved_cs_client */ ;
/*!50003 SET character_set_results = @saved_cs_results */ ;
/*!50003 SET collation_connection  = @saved_col_connection */ ;
/*!50003 SET @saved_cs_client      = @@character_set_client */ ;
/*!50003 SET @saved_cs_results     = @@character_set_results */ ;
/*!50003 SET @saved_col_connection = @@collation_connection */ ;
/*!50003 SET character_set_client  = utf8mb4 */ ;
/*!50003 SET character_set_results = utf8mb4 */ ;
/*!50003 SET collation_connection  = utf8mb4_0900_ai_ci */ ;
/*!50003 SET @saved_sql_mode       = @@sql_mode */ ;
/*!50003 SET sql_mode              = 'ONLY_FULL_GROUP_BY,STRICT_TRANS_TABLES,NO_ZERO_IN_DATE,NO_ZERO_DATE,ERROR_FOR_DIVISION_BY_ZERO,NO_ENGINE_SUBSTITUTION' */ ;
DELIMITER ;;
/*!50003 CREATE*/ /*!50017 DEFINER=`root`@`localhost`*/ /*!50003 TRIGGER `trg_detalle_after_insert` AFTER INSERT ON `detalle_pedido` FOR EACH ROW BEGIN
    CALL `sistema_pedidos`.`actualizar_total_pedido`(NEW.id_pedido);
END */;;
DELIMITER ;
/*!50003 SET sql_mode              = @saved_sql_mode */ ;
/*!50003 SET character_set_client  = @saved_cs_client */ ;
/*!50003 SET character_set_results = @saved_cs_results */ ;
/*!50003 SET collation_connection  = @saved_col_connection */ ;
/*!50003 SET @saved_cs_client      = @@character_set_client */ ;
/*!50003 SET @saved_cs_results     = @@character_set_results */ ;
/*!50003 SET @saved_col_connection = @@collation_connection */ ;
/*!50003 SET character_set_client  = utf8mb4 */ ;
/*!50003 SET character_set_results = utf8mb4 */ ;
/*!50003 SET collation_connection  = utf8mb4_0900_ai_ci */ ;
/*!50003 SET @saved_sql_mode       = @@sql_mode */ ;
/*!50003 SET sql_mode              = 'ONLY_FULL_GROUP_BY,STRICT_TRANS_TABLES,NO_ZERO_IN_DATE,NO_ZERO_DATE,ERROR_FOR_DIVISION_BY_ZERO,NO_ENGINE_SUBSTITUTION' */ ;
DELIMITER ;;
/*!50003 CREATE*/ /*!50017 DEFINER=`root`@`localhost`*/ /*!50003 TRIGGER `trg_detalle_before_update` BEFORE UPDATE ON `detalle_pedido` FOR EACH ROW BEGIN
    SET NEW.subtotal = NEW.cantidad * NEW.precio_unitario;
END */;;
DELIMITER ;
/*!50003 SET sql_mode              = @saved_sql_mode */ ;
/*!50003 SET character_set_client  = @saved_cs_client */ ;
/*!50003 SET character_set_results = @saved_cs_results */ ;
/*!50003 SET collation_connection  = @saved_col_connection */ ;
/*!50003 SET @saved_cs_client      = @@character_set_client */ ;
/*!50003 SET @saved_cs_results     = @@character_set_results */ ;
/*!50003 SET @saved_col_connection = @@collation_connection */ ;
/*!50003 SET character_set_client  = utf8mb4 */ ;
/*!50003 SET character_set_results = utf8mb4 */ ;
/*!50003 SET collation_connection  = utf8mb4_0900_ai_ci */ ;
/*!50003 SET @saved_sql_mode       = @@sql_mode */ ;
/*!50003 SET sql_mode              = 'ONLY_FULL_GROUP_BY,STRICT_TRANS_TABLES,NO_ZERO_IN_DATE,NO_ZERO_DATE,ERROR_FOR_DIVISION_BY_ZERO,NO_ENGINE_SUBSTITUTION' */ ;
DELIMITER ;;
/*!50003 CREATE*/ /*!50017 DEFINER=`root`@`localhost`*/ /*!50003 TRIGGER `trg_detalle_after_update` AFTER UPDATE ON `detalle_pedido` FOR EACH ROW BEGIN
    CALL `sistema_pedidos`.`actualizar_total_pedido`(NEW.id_pedido);
END */;;
DELIMITER ;
/*!50003 SET sql_mode              = @saved_sql_mode */ ;
/*!50003 SET character_set_client  = @saved_cs_client */ ;
/*!50003 SET character_set_results = @saved_cs_results */ ;
/*!50003 SET collation_connection  = @saved_col_connection */ ;
/*!50003 SET @saved_cs_client      = @@character_set_client */ ;
/*!50003 SET @saved_cs_results     = @@character_set_results */ ;
/*!50003 SET @saved_col_connection = @@collation_connection */ ;
/*!50003 SET character_set_client  = utf8mb4 */ ;
/*!50003 SET character_set_results = utf8mb4 */ ;
/*!50003 SET collation_connection  = utf8mb4_0900_ai_ci */ ;
/*!50003 SET @saved_sql_mode       = @@sql_mode */ ;
/*!50003 SET sql_mode              = 'ONLY_FULL_GROUP_BY,STRICT_TRANS_TABLES,NO_ZERO_IN_DATE,NO_ZERO_DATE,ERROR_FOR_DIVISION_BY_ZERO,NO_ENGINE_SUBSTITUTION' */ ;
DELIMITER ;;
/*!50003 CREATE*/ /*!50017 DEFINER=`root`@`localhost`*/ /*!50003 TRIGGER `trg_detalle_after_delete` AFTER DELETE ON `detalle_pedido` FOR EACH ROW BEGIN
    CALL `sistema_pedidos`.`actualizar_total_pedido`(OLD.id_pedido);
END */;;
DELIMITER ;
/*!50003 SET sql_mode              = @saved_sql_mode */ ;
/*!50003 SET character_set_client  = @saved_cs_client */ ;
/*!50003 SET character_set_results = @saved_cs_results */ ;
/*!50003 SET collation_connection  = @saved_col_connection */ ;

--
-- Table structure for table `historial_precios`
--

DROP TABLE IF EXISTS `historial_precios`;
/*!40101 SET @saved_cs_client     = @@character_set_client */;
/*!50503 SET character_set_client = utf8mb4 */;
CREATE TABLE `historial_precios` (
  `id_historial` int NOT NULL AUTO_INCREMENT,
  `id_producto` int NOT NULL,
  `precio_anterior` decimal(10,2) NOT NULL,
  `precio_nuevo` decimal(10,2) NOT NULL,
  `fecha_cambio` datetime DEFAULT CURRENT_TIMESTAMP,
  `id_usuario` int DEFAULT NULL,
  PRIMARY KEY (`id_historial`),
  KEY `id_producto` (`id_producto`),
  KEY `id_usuario` (`id_usuario`),
  CONSTRAINT `fk_historial_productos` FOREIGN KEY (`id_producto`) REFERENCES `productos` (`id_producto`) ON DELETE CASCADE,
  CONSTRAINT `fk_historial_usuarios` FOREIGN KEY (`id_usuario`) REFERENCES `usuarios` (`id_usuario`) ON DELETE SET NULL
) ENGINE=InnoDB AUTO_INCREMENT=130 DEFAULT CHARSET=utf8mb4 COLLATE=utf8mb4_0900_ai_ci;
/*!40101 SET character_set_client = @saved_cs_client */;

--
-- Dumping data for table `historial_precios`
--

LOCK TABLES `historial_precios` WRITE;
/*!40000 ALTER TABLE `historial_precios` DISABLE KEYS */;
INSERT INTO `historial_precios` VALUES (1,1,0.00,0.01,'2025-07-21 16:57:26',NULL),(2,2,0.00,0.01,'2025-07-21 16:57:26',NULL),(3,3,0.00,0.01,'2025-07-21 16:57:26',NULL),(4,4,0.00,0.01,'2025-07-21 16:57:26',NULL),(5,5,0.00,0.01,'2025-07-21 16:57:26',NULL),(6,6,0.00,0.01,'2025-07-21 16:57:26',NULL),(7,7,0.00,0.01,'2025-07-21 16:57:26',NULL),(8,8,0.00,0.01,'2025-07-21 16:57:26',NULL),(9,9,0.00,0.01,'2025-07-21 16:57:26',NULL),(10,10,0.00,0.01,'2025-07-21 16:57:26',NULL),(11,11,0.00,0.01,'2025-07-21 16:57:26',NULL),(12,12,0.00,0.01,'2025-07-21 16:57:26',NULL),(13,13,0.00,0.01,'2025-07-21 16:57:26',NULL),(14,14,0.00,0.01,'2025-07-21 16:57:26',NULL),(15,15,0.00,0.01,'2025-07-21 16:57:26',NULL),(16,16,0.00,0.01,'2025-07-21 16:57:26',NULL),(17,17,0.00,0.01,'2025-07-21 16:57:26',NULL),(18,18,0.00,0.01,'2025-07-21 16:57:26',NULL),(19,19,0.00,0.01,'2025-07-21 16:57:26',NULL),(20,20,0.00,0.01,'2025-07-21 16:57:26',NULL),(21,21,0.00,0.01,'2025-07-21 16:57:26',NULL),(22,22,0.00,0.01,'2025-07-21 16:57:26',NULL),(23,23,0.00,0.01,'2025-07-21 16:57:26',NULL),(24,24,0.00,0.01,'2025-07-21 16:57:26',NULL),(25,25,0.00,0.01,'2025-07-21 16:57:26',NULL),(26,26,0.00,0.01,'2025-07-21 16:57:26',NULL),(27,27,0.00,0.01,'2025-07-21 16:57:26',NULL),(28,28,0.00,0.01,'2025-07-21 16:57:26',NULL),(29,29,0.00,0.01,'2025-07-21 16:57:26',NULL),(30,30,0.00,0.01,'2025-07-21 16:57:26',NULL),(31,31,0.00,0.01,'2025-07-21 16:57:26',NULL),(32,32,0.00,0.01,'2025-07-21 16:57:26',NULL),(33,324,0.00,0.01,'2025-07-21 16:57:26',NULL),(34,325,0.00,0.01,'2025-07-21 16:57:26',NULL),(35,326,0.00,0.01,'2025-07-21 16:57:26',NULL),(36,327,0.00,0.01,'2025-07-21 16:57:26',NULL),(37,328,0.00,0.01,'2025-07-21 16:57:26',NULL),(38,329,0.00,0.01,'2025-07-21 16:57:26',NULL),(39,330,0.00,0.01,'2025-07-21 16:57:26',NULL),(40,331,0.00,0.01,'2025-07-21 16:57:26',NULL),(41,332,0.00,0.01,'2025-07-21 16:57:26',NULL),(42,333,0.00,0.01,'2025-07-21 16:57:26',NULL),(43,334,0.00,0.01,'2025-07-21 16:57:26',NULL),(44,335,0.00,0.01,'2025-07-21 16:57:26',NULL),(45,336,0.00,0.01,'2025-07-21 16:57:26',NULL),(46,337,0.00,0.01,'2025-07-21 16:57:26',NULL),(47,338,0.00,0.01,'2025-07-21 16:57:26',NULL),(48,339,0.00,0.01,'2025-07-21 16:57:26',NULL),(49,340,0.00,0.01,'2025-07-21 16:57:26',NULL),(50,341,0.00,0.01,'2025-07-21 16:57:26',NULL),(51,342,0.00,0.01,'2025-07-21 16:57:26',NULL),(52,343,0.00,0.01,'2025-07-21 16:57:26',NULL),(53,344,0.00,0.01,'2025-07-21 16:57:26',NULL),(54,345,0.00,0.01,'2025-07-21 16:57:26',NULL),(55,346,0.00,0.01,'2025-07-21 16:57:26',NULL),(56,347,0.00,0.01,'2025-07-21 16:57:26',NULL),(57,348,0.00,0.01,'2025-07-21 16:57:26',NULL),(58,349,0.00,0.01,'2025-07-21 16:57:26',NULL),(59,350,0.00,0.01,'2025-07-21 16:57:26',NULL),(60,351,0.00,0.01,'2025-07-21 16:57:26',NULL),(61,352,0.00,0.01,'2025-07-21 16:57:26',NULL),(62,353,0.00,0.01,'2025-07-21 16:57:26',NULL),(63,354,0.00,0.01,'2025-07-21 16:57:26',NULL),(64,355,0.00,0.01,'2025-07-21 16:57:26',NULL),(65,356,0.00,0.01,'2025-07-21 16:57:26',NULL),(66,357,0.00,0.01,'2025-07-21 16:57:26',NULL),(67,358,0.00,0.01,'2025-07-21 16:57:26',NULL),(68,359,0.00,0.01,'2025-07-21 16:57:26',NULL),(69,360,0.00,0.01,'2025-07-21 16:57:26',NULL),(70,361,0.00,0.01,'2025-07-21 16:57:26',NULL),(71,362,0.00,0.01,'2025-07-21 16:57:26',NULL),(72,363,0.00,0.01,'2025-07-21 16:57:26',NULL),(73,364,0.00,0.01,'2025-07-21 16:57:26',NULL),(74,365,0.00,0.01,'2025-07-21 16:57:26',NULL),(75,366,0.00,0.01,'2025-07-21 16:57:26',NULL),(76,367,0.00,0.01,'2025-07-21 16:57:26',NULL),(77,368,0.00,0.01,'2025-07-21 16:57:26',NULL),(78,369,0.00,0.01,'2025-07-21 16:57:26',NULL),(79,370,0.00,0.01,'2025-07-21 16:57:26',NULL),(80,371,0.00,0.01,'2025-07-21 16:57:26',NULL),(81,372,0.00,0.01,'2025-07-21 16:57:26',NULL),(82,373,0.00,0.01,'2025-07-21 16:57:26',NULL),(83,374,0.00,0.01,'2025-07-21 16:57:26',NULL),(84,375,0.00,0.01,'2025-07-21 16:57:26',NULL),(85,376,0.00,0.01,'2025-07-21 16:57:26',NULL),(86,377,0.00,0.01,'2025-07-21 16:57:26',NULL),(87,378,0.00,0.01,'2025-07-21 16:57:26',NULL),(88,379,0.00,0.01,'2025-07-21 16:57:26',NULL),(89,380,0.00,0.01,'2025-07-21 16:57:26',NULL),(90,381,0.00,0.01,'2025-07-21 16:57:26',NULL),(91,382,0.00,0.01,'2025-07-21 16:57:26',NULL),(92,383,0.00,0.01,'2025-07-21 16:57:26',NULL),(93,384,0.00,0.01,'2025-07-21 16:57:26',NULL),(94,385,0.00,0.01,'2025-07-21 16:57:26',NULL),(95,386,0.00,0.01,'2025-07-21 16:57:26',NULL),(96,387,0.00,0.01,'2025-07-21 16:57:26',NULL),(97,388,0.00,0.01,'2025-07-21 16:57:26',NULL),(98,389,0.00,0.01,'2025-07-21 16:57:26',NULL),(99,390,0.00,0.01,'2025-07-21 16:57:26',NULL),(100,391,0.00,0.01,'2025-07-21 16:57:26',NULL),(101,392,0.00,0.01,'2025-07-21 16:57:26',NULL),(102,393,0.00,0.01,'2025-07-21 16:57:26',NULL),(103,394,0.00,0.01,'2025-07-21 16:57:26',NULL),(104,395,0.00,0.01,'2025-07-21 16:57:26',NULL),(105,396,0.00,0.01,'2025-07-21 16:57:26',NULL),(106,397,0.00,0.01,'2025-07-21 16:57:26',NULL),(107,398,0.00,0.01,'2025-07-21 16:57:26',NULL),(108,399,0.00,0.01,'2025-07-21 16:57:26',NULL),(109,400,0.00,0.01,'2025-07-21 16:57:26',NULL),(110,401,0.00,0.01,'2025-07-21 16:57:26',NULL),(111,402,0.00,0.01,'2025-07-21 16:57:26',NULL),(112,403,0.00,0.01,'2025-07-21 16:57:26',NULL),(113,404,0.00,0.01,'2025-07-21 16:57:26',NULL),(114,405,0.00,0.01,'2025-07-21 16:57:26',NULL),(115,406,0.00,0.01,'2025-07-21 16:57:26',NULL),(116,407,0.00,0.01,'2025-07-21 16:57:26',NULL),(117,408,0.00,0.01,'2025-07-21 16:57:26',NULL),(118,409,0.00,0.01,'2025-07-21 16:57:26',NULL),(119,410,0.00,0.01,'2025-07-21 16:57:26',NULL),(120,411,0.00,0.01,'2025-07-21 16:57:26',NULL),(121,412,0.00,0.01,'2025-07-21 16:57:26',NULL),(122,413,0.00,0.01,'2025-07-21 16:57:26',NULL),(123,414,0.00,0.01,'2025-07-21 16:57:26',NULL),(124,415,0.00,0.01,'2025-07-21 16:57:26',NULL),(125,416,0.00,0.01,'2025-07-21 16:57:26',NULL),(126,417,0.00,0.01,'2025-07-21 16:57:26',NULL),(127,418,0.00,0.01,'2025-07-21 16:57:26',NULL),(128,419,0.00,0.01,'2025-07-21 16:57:26',NULL),(129,420,0.00,0.01,'2025-07-21 16:57:26',NULL);
/*!40000 ALTER TABLE `historial_precios` ENABLE KEYS */;
UNLOCK TABLES;

--
-- Table structure for table `notificaciones`
--

DROP TABLE IF EXISTS `notificaciones`;
/*!40101 SET @saved_cs_client     = @@character_set_client */;
/*!50503 SET character_set_client = utf8mb4 */;
CREATE TABLE `notificaciones` (
  `id_notificacion` int NOT NULL AUTO_INCREMENT,
  `id_usuario` int DEFAULT NULL,
  `id_cliente` int DEFAULT NULL,
  `tipo` varchar(50) NOT NULL,
  `mensaje` text NOT NULL,
  `leida` tinyint(1) DEFAULT '0',
  `fecha_creacion` datetime DEFAULT CURRENT_TIMESTAMP,
  `fecha_lectura` datetime DEFAULT NULL,
  PRIMARY KEY (`id_notificacion`),
  KEY `id_usuario` (`id_usuario`),
  KEY `id_cliente` (`id_cliente`),
  CONSTRAINT `fk_notificaciones_clientes` FOREIGN KEY (`id_cliente`) REFERENCES `clientes` (`id_cliente`) ON DELETE SET NULL,
  CONSTRAINT `fk_notificaciones_usuarios` FOREIGN KEY (`id_usuario`) REFERENCES `usuarios` (`id_usuario`) ON DELETE SET NULL
) ENGINE=InnoDB DEFAULT CHARSET=utf8mb4 COLLATE=utf8mb4_0900_ai_ci;
/*!40101 SET character_set_client = @saved_cs_client */;

--
-- Dumping data for table `notificaciones`
--

LOCK TABLES `notificaciones` WRITE;
/*!40000 ALTER TABLE `notificaciones` DISABLE KEYS */;
/*!40000 ALTER TABLE `notificaciones` ENABLE KEYS */;
UNLOCK TABLES;

--
-- Table structure for table `pedido_tokens`
--

DROP TABLE IF EXISTS `pedido_tokens`;
/*!40101 SET @saved_cs_client     = @@character_set_client */;
/*!50503 SET character_set_client = utf8mb4 */;
CREATE TABLE `pedido_tokens` (
  `id` int NOT NULL AUTO_INCREMENT,
  `token` varchar(100) NOT NULL,
  `id_cliente` int NOT NULL,
  `expires_at` datetime NOT NULL,
  `usado` tinyint(1) DEFAULT '0',
  PRIMARY KEY (`id`),
  UNIQUE KEY `token` (`token`),
  KEY `id_cliente` (`id_cliente`),
  CONSTRAINT `pedido_tokens_ibfk_1` FOREIGN KEY (`id_cliente`) REFERENCES `clientes` (`id_cliente`)
) ENGINE=InnoDB AUTO_INCREMENT=77 DEFAULT CHARSET=utf8mb4 COLLATE=utf8mb4_0900_ai_ci;
/*!40101 SET character_set_client = @saved_cs_client */;

--
-- Dumping data for table `pedido_tokens`
--

LOCK TABLES `pedido_tokens` WRITE;
/*!40000 ALTER TABLE `pedido_tokens` DISABLE KEYS */;
INSERT INTO `pedido_tokens` VALUES (1,'b88a70a35c542af2ec561b43653c0849',1,'2025-07-13 00:59:48',0),(2,'012db206faacd59aeed7eb8d97c5ecb2',1,'2025-07-13 02:14:46',1),(3,'925bd33c0ecfd3ba8a1fd9306a25752f',12,'2025-07-13 05:25:26',1),(4,'7da53b29ce9a1932f5ba3defe405b9db',12,'2025-07-13 05:25:49',0),(5,'70a8989852d7a7ac215f4cd8d2f1ca6a',2,'2025-07-13 05:29:23',0),(6,'1981ca9f6489e18cfc00d424504a362f',1,'2025-07-13 05:30:49',0),(7,'6f8524107229b09a74c004e8bdbd419c',1,'2025-07-13 21:36:01',0),(8,'2d349e2576fe8401c19f741388d092cd',4,'2025-07-14 18:50:01',0),(9,'78b7041fb08dc9fd8dc55c137919c072',1,'2025-07-14 22:06:18',0),(10,'ac5da5864642c10d5b11365ff7fa75a8',1,'2025-07-14 22:40:25',0),(11,'0d40b6964e82123dc9644ad648802378',1,'2025-07-14 22:43:51',0),(12,'686efa93dc772d56b213699fb6655544',1,'2025-07-14 22:47:30',0),(13,'80e5caeef19295691f7426246b4dcce5',1,'2025-07-14 23:04:16',0),(14,'8201963c4f1fe6e84c42594dd55b681c',1,'2025-07-14 23:04:42',0),(15,'31650005562032eddc08530744851da1',1,'2025-07-14 23:06:13',1),(16,'4a6f87c03d9af3eeed8f976064862246',27,'2025-07-15 01:57:44',1),(17,'423cf1fc185e1321792c1f6d370d555e',1,'2025-07-15 02:02:59',1),(18,'9c6987e4124e03176159d6fd73485633',2,'2025-07-15 13:18:58',0),(19,'3812b0149e9878d7b09d91404e43b041',1,'2025-07-15 17:24:21',0),(20,'4f3a444df73de8c6e5595b46e89934ab',1,'2025-07-15 17:26:10',1),(21,'f72e580281a8c5985a68dee73276a3ac',27,'2025-07-16 11:56:21',1),(22,'8f15514d28f807d3f74a90c8b0e700c3',3,'2025-07-19 17:39:45',0),(23,'7128d7f2611702c57d78e69e9bc67593',1,'2025-07-19 22:38:26',0),(24,'3142fcd8c4ea129c0f1252e519a83789',46,'2025-07-19 23:57:26',0),(25,'0b35e63956e4f27a2beb8e6a0703db37',2,'2025-07-20 00:13:14',0),(26,'7682b22d26d28a3d334c8e41ff41430e',1,'2025-07-20 00:22:59',0),(27,'57913ee54dd498fbd94afe01b75990fa',46,'2025-07-20 00:25:16',0),(28,'5e87907a7ed31134a2bcec2bfc37890d',30,'2025-07-20 19:50:52',1),(29,'823522430f2bd25f3cbe1fd121df0430',1,'2025-07-22 16:59:47',0),(30,'e1d42b8eecb2e32893c5cd95f98528ca',1,'2025-07-23 02:17:03',0),(31,'107e96619406ef309965439803b9ae20',27,'2025-07-23 02:17:42',0),(32,'ed71b7879f47540c92bd75a245c81ae1',1,'2025-07-25 00:56:22',0),(33,'3a9e8a7c1406ef2e2bfe72146a6d6072',2,'2025-07-26 00:41:10',0),(34,'2479a2e7543c00adc89aa837fee17ce7',1,'2025-07-26 00:41:53',0),(35,'bfc0e9944e464e5acafe09daebb85243',1,'2025-07-26 00:42:19',0),(36,'4609826eead4ad8ff5cc45d5a743e126',1,'2025-07-26 00:54:50',0),(37,'e74a98118997086736c1c2ca38403904',1,'2025-07-26 00:55:52',0),(38,'dd82d198a59e3c1ffada0dabad39c463',3,'2025-07-26 00:56:32',0),(39,'0a42e5b8053effda24485214e92c50e1',3,'2025-07-26 00:56:34',1),(40,'0bd5665e4051fae5c6bb70b59ecfa57e',1,'2025-07-26 00:57:19',1),(41,'08ec08f0bb513473e20ed1d698ace89e',1,'2025-07-26 14:49:41',0),(42,'21709115bbf67d2bf72568bb97854358',36,'2025-07-29 17:09:31',0),(43,'189d37281feccb1eff89fd26974cf3a0',36,'2025-07-29 17:38:17',0),(44,'e206a6daaa19096bf471f4c1829e6679',36,'2025-07-29 17:41:05',0),(45,'61e01e5347721cd83e203dff8131d837',3,'2025-07-30 01:49:21',0),(46,'1b7f0e8ec33961db832cb64d62d627f2',80,'2025-07-31 14:40:53',0),(47,'f9626e4ce6b2ae177ea736b3196b1e45',36,'2025-08-01 14:32:58',1),(48,'b088a5b9c4fe417f4e58c7ef67f7fc8f',80,'2025-08-06 17:22:24',1),(49,'e7a248928ee37ef72712b7c9dba27494',80,'2025-08-06 17:23:38',1),(50,'0900a8923cc2d3c617c9d375ac463267',80,'2025-08-06 17:29:11',0),(51,'8ae4371c698caecacad3eece91d7047e',80,'2025-08-06 17:29:21',1),(52,'9fcd5a6a835d49386f0a7b485a8d0d34',80,'2025-08-06 22:58:37',0),(53,'316200b31ed7dbf527f51117f9280017',59,'2025-08-08 16:39:35',1),(54,'fc4e434092a297447e0def7b228f1e5c',36,'2025-08-08 16:54:53',0),(55,'d61468811eac2fc17372d40c6bd36f9f',59,'2025-08-08 16:57:20',1),(56,'2ed31b35ad29be7e4dba0a78060fbd76',36,'2025-08-08 17:01:25',0),(57,'329c96101b588a84c8338c3ef839465b',36,'2025-08-08 21:56:21',0),(58,'5b27b316d61c15ade7830a2bffbd95b7',36,'2025-08-09 01:38:04',0),(59,'9f16e716cc3d27a97e22f08255bae6a2',61,'2025-08-09 12:00:32',0),(60,'45bb9c3311395147fb491e481122a306',61,'2025-08-09 12:00:47',1),(61,'284c38e04663d01071cc35820c469d14',36,'2025-08-09 15:07:41',0),(62,'f70cb9861ab335c77612aa05031419dc',36,'2025-08-09 15:11:51',1),(63,'9f51d4d7b95429823035392cc9c7b86d',36,'2025-08-11 22:15:23',1),(64,'6f8f3dc15843a6517ddde3d3304034b4',36,'2025-08-11 22:39:31',1),(65,'ea201d93aa3d1d9cfb879810420d4029',36,'2025-08-11 22:57:16',1),(66,'c99f114ce66b59bda0e7eeabbfb19ec8',59,'2025-08-19 12:24:35',0),(67,'05dc20941b24f98599e889526536b1b2',59,'2025-08-23 13:10:16',1),(68,'070fc6b093c9859c7d6d1d472f3cf1a1',36,'2025-08-23 13:10:34',1),(69,'56d8f0e5bfd142d858c21d27abefc205',39,'2025-08-26 12:39:42',1),(70,'6354fc724ba959ce236c11de6d5919c9',24,'2025-08-26 17:33:14',1),(71,'fa8d0754301c68c9c47640189110a666',56,'2025-08-28 15:34:48',1),(72,'49ef34e31be16d9f34c957be06a62be5',24,'2025-08-28 17:49:41',0),(73,'f359d30ed8d820d9cbd7301cc7f2e55b',24,'2025-08-28 17:58:22',0),(74,'f4ebc5ffb028cf4948261b32341d16d0',24,'2025-08-28 17:58:54',0),(75,'2752d53d9afef17563bd248931600fed',24,'2025-08-28 17:59:58',0),(76,'1d7cfb05327f72cecf5a2e90bd21fb17',37,'2025-08-29 14:04:06',1);
/*!40000 ALTER TABLE `pedido_tokens` ENABLE KEYS */;
UNLOCK TABLES;

--
-- Table structure for table `pedidos`
--

DROP TABLE IF EXISTS `pedidos`;
/*!40101 SET @saved_cs_client     = @@character_set_client */;
/*!50503 SET character_set_client = utf8mb4 */;
CREATE TABLE `pedidos` (
  `id_pedido` int NOT NULL AUTO_INCREMENT,
  `id_cliente` int NOT NULL,
  `id_usuario` int NOT NULL,
  `fecha_pedido` datetime DEFAULT CURRENT_TIMESTAMP,
  `total` decimal(10,2) DEFAULT NULL,
  `seguimiento_dist` varchar(50) NOT NULL,
  `estado` varchar(50) DEFAULT 'pendiente',
  `fecha_proximo_pedido` date DEFAULT NULL,
  `created_at` datetime DEFAULT CURRENT_TIMESTAMP,
  `updated_at` datetime DEFAULT CURRENT_TIMESTAMP ON UPDATE CURRENT_TIMESTAMP,
  `created_by` int DEFAULT NULL,
  `updated_by` int DEFAULT NULL,
  PRIMARY KEY (`id_pedido`),
  KEY `id_usuario` (`id_usuario`),
  KEY `idx_pedidos_estado` (`estado`),
  KEY `idx_pedidos_fecha` (`fecha_pedido`),
  KEY `idx_pedidos_fecha_prox` (`fecha_proximo_pedido`),
  KEY `idx_pedidos_cliente_estado` (`id_cliente`,`estado`),
  KEY `idx_pedidos_fecha_estado` (`fecha_pedido`,`estado`),
  CONSTRAINT `pedidos_ibfk_1` FOREIGN KEY (`id_cliente`) REFERENCES `clientes` (`id_cliente`),
  CONSTRAINT `pedidos_ibfk_2` FOREIGN KEY (`id_usuario`) REFERENCES `usuarios` (`id_usuario`)
) ENGINE=InnoDB AUTO_INCREMENT=57 DEFAULT CHARSET=utf8mb4 COLLATE=utf8mb4_0900_ai_ci;
/*!40101 SET character_set_client = @saved_cs_client */;

--
-- Dumping data for table `pedidos`
--

LOCK TABLES `pedidos` WRITE;
/*!40000 ALTER TABLE `pedidos` DISABLE KEYS */;
INSERT INTO `pedidos` VALUES (39,36,1,'2025-07-31 19:58:58',20.39,'','completado','2025-07-31','2025-07-31 19:58:58','2025-08-07 16:41:37',NULL,NULL),(46,61,1,'2025-08-08 19:01:50',20.00,'','completado','2025-09-02','2025-08-08 19:01:50','2025-08-12 10:16:35',NULL,NULL),(49,36,1,'2025-08-10 22:57:29',20.39,'','completado',NULL,'2025-08-10 19:57:28','2025-08-12 10:16:05',NULL,NULL),(50,59,1,'2025-08-22 13:11:43',20.00,'','completado','2025-09-15','2025-08-22 10:11:43','2025-08-25 10:21:31',NULL,NULL),(51,36,1,'2025-08-22 13:44:06',22.04,'','completado','2025-09-08','2025-08-22 10:44:05','2025-08-22 12:10:00',NULL,NULL),(52,39,1,'2025-08-25 17:16:30',142.00,'','pendiente','2025-09-22','2025-08-25 14:16:30','2025-08-25 14:43:48',NULL,NULL),(53,39,1,'2025-08-25 17:16:30',45.00,'','completado','2025-09-01','2025-08-25 14:16:30','2025-08-25 14:39:27',NULL,NULL),(54,24,1,'2025-08-25 17:38:09',240.80,'','pendiente','2025-09-03','2025-08-25 14:38:08','2025-08-25 14:43:34',NULL,NULL),(55,56,1,'2025-08-27 15:38:59',1214216.15,'','completado','2025-09-08','2025-08-27 12:38:59','2025-08-27 12:58:36',NULL,NULL),(56,37,1,'2025-08-28 14:06:01',49.85,'','pendiente','2025-09-11','2025-08-28 11:06:01','2025-08-28 11:07:20',NULL,NULL);
/*!40000 ALTER TABLE `pedidos` ENABLE KEYS */;
UNLOCK TABLES;

--
-- Table structure for table `productos`
--

DROP TABLE IF EXISTS `productos`;
/*!40101 SET @saved_cs_client     = @@character_set_client */;
/*!50503 SET character_set_client = utf8mb4 */;
CREATE TABLE `productos` (
  `id_producto` int NOT NULL AUTO_INCREMENT,
  `nombre` varchar(100) NOT NULL,
  `descripcion` text,
  `precio_unitario` decimal(10,2) NOT NULL,
  `stock` int DEFAULT NULL,
  `id_proveedor` int DEFAULT NULL,
  `created_at` datetime DEFAULT CURRENT_TIMESTAMP,
  `updated_at` datetime DEFAULT CURRENT_TIMESTAMP ON UPDATE CURRENT_TIMESTAMP,
  `created_by` int DEFAULT NULL,
  `updated_by` int DEFAULT NULL,
  PRIMARY KEY (`id_producto`),
  KEY `id_proveedor` (`id_proveedor`),
  KEY `idx_productos_nombre` (`nombre`),
  CONSTRAINT `productos_ibfk_1` FOREIGN KEY (`id_proveedor`) REFERENCES `proveedores` (`id_proveedor`),
  CONSTRAINT `chk_precio_positivo` CHECK ((`precio_unitario` > 0))
) ENGINE=InnoDB AUTO_INCREMENT=444 DEFAULT CHARSET=utf8mb4 COLLATE=utf8mb4_0900_ai_ci;
/*!40101 SET character_set_client = @saved_cs_client */;

--
-- Dumping data for table `productos`
--

LOCK TABLES `productos` WRITE;
/*!40000 ALTER TABLE `productos` DISABLE KEYS */;
INSERT INTO `productos` VALUES (1,'NF00-LCTPR','BABY PIG LACTA PRO',0.01,0,1,'2025-07-21 16:54:37','2025-07-21 16:57:26',NULL,NULL),(2,'NF00-ULTS0','BABY PIG ULTRA SEC',0.01,0,1,'2025-07-21 16:54:37','2025-07-21 16:57:26',NULL,NULL),(3,'NF00-BAB25','BABY PIG POWER 250 ML',0.01,0,1,'2025-07-21 16:54:37','2025-07-21 16:57:26',NULL,NULL),(4,'NF00-SP000','NF 00 DESTETE SUPER PRECOZ LPU',0.01,0,1,'2025-07-21 16:54:37','2025-07-21 16:57:26',NULL,NULL),(5,'NF00-LPU00','NF 0 DESTETE PRECOZ LPU',0.01,0,1,'2025-07-21 16:54:37','2025-07-21 16:57:26',NULL,NULL),(6,'NF01-LPU00','NF 1 POSDESTETE LPU',0.01,0,1,'2025-07-21 16:54:37','2025-07-21 16:57:26',NULL,NULL),(7,'NF01-LPUBB','NF 1 POSDESTETE LPU BIG BAG',0.01,0,1,'2025-07-21 16:54:37','2025-07-21 16:57:26',NULL,NULL),(8,'NF02-LPU00','NF 2 PREINICIADOR LPU',0.01,0,1,'2025-07-21 16:54:37','2025-07-21 16:57:26',NULL,NULL),(9,'NF02-LPUBB','NF 2 PREINICIADOR LPU BIG BAG ',0.01,0,1,'2025-07-21 16:54:37','2025-07-21 16:57:26',NULL,NULL),(10,'NF02-LPUBB500','NF 2 PREINICIADOR LPU BIG BAG 500',0.01,0,1,'2025-07-21 16:54:37','2025-07-21 16:57:26',NULL,NULL),(11,'NF02-42000','NF 2 CONC PREINICIADOR 420',0.01,0,1,'2025-07-21 16:54:37','2025-07-21 16:57:26',NULL,NULL),(12,'NF03-25000','NF 3 CONC. INICIADOR 250',0.01,0,1,'2025-07-21 16:54:37','2025-07-21 16:57:26',NULL,NULL),(13,'NF00-ALR00','NF 3 RECRIA CONCENTRADO 15%',0.01,0,1,'2025-07-21 16:54:37','2025-07-21 16:57:26',NULL,NULL),(14,'NF00-ALRBB','NF 3 RECRIA CONCENTRADO 15% BIG BAG',0.01,0,1,'2025-07-21 16:54:37','2025-07-21 16:57:26',NULL,NULL),(15,'NF03-25000','NF 3 INICIADOR LPU',0.01,0,1,'2025-07-21 16:54:37','2025-07-21 16:57:26',NULL,NULL),(16,'NF03-250BB','NF 3 INICIADOR BIG BAG',0.01,0,1,'2025-07-21 16:54:37','2025-07-21 16:57:26',NULL,NULL),(17,'NF04-4+000','NF 4 CONC. RECRÍA 100+',0.01,0,1,'2025-07-21 16:54:37','2025-07-21 16:57:26',NULL,NULL),(18,'NF04-10005','NF 4 RECRIA CONCENTRADO 50',0.01,0,1,'2025-07-21 16:54:37','2025-07-21 16:57:26',NULL,NULL),(19,'NF04-10005BB','NF 4 RECRIA CONCENTRADO 50 BIG BAG',0.01,0,1,'2025-07-21 16:54:37','2025-07-21 16:57:26',NULL,NULL),(20,'NF05-5+000','NF 5 CONC. RECRÍA 50 +',0.01,0,1,'2025-07-21 16:54:37','2025-07-21 16:57:26',NULL,NULL),(21,'NF05-5+0BB','NF 5 CONC. RECRÍA 50 + BIG BAG',0.01,0,1,'2025-07-21 16:54:37','2025-07-21 16:57:26',NULL,NULL),(22,'NF12-CRE00','NF 12 PX 4% CERDOS CRECIMIENTO',0.01,0,1,'2025-07-21 16:54:37','2025-07-21 16:57:26',NULL,NULL),(23,'NF12-CREBB','NF 12 PX 4% CERDOS CRECIMIENTO BIG BAG',0.01,0,1,'2025-07-21 16:54:37','2025-07-21 16:57:26',NULL,NULL),(24,'NF13-TER00','NF 13 PX 4% CERDOS TERMINACIÓN',0.01,0,1,'2025-07-21 16:54:37','2025-07-21 16:57:26',NULL,NULL),(25,'NF13-TERBB','NF 13 PX 4% CERDOS TERMINACIÓN BIG BAG',0.01,0,1,'2025-07-21 16:54:37','2025-07-21 16:57:26',NULL,NULL),(26,'NF14-LAC00','NF 14 PX 4% CERDAS LACTANCIA',0.01,0,1,'2025-07-21 16:54:37','2025-07-21 16:57:26',NULL,NULL),(27,'NF14-LACBB','NF 14 PX 4% CERDAS LACTANCIA BIG BAG',0.01,0,1,'2025-07-21 16:54:37','2025-07-21 16:57:26',NULL,NULL),(28,'NF15-GES00','NF 15 PX 4 % CERDAS GESTACIÓN',0.01,0,1,'2025-07-21 16:54:37','2025-07-21 16:57:26',NULL,NULL),(29,'NF15-GESBB','NF 15 PX 4 % CERDAS GESTACIÓN BIG BAG',0.01,0,1,'2025-07-21 16:54:37','2025-07-21 16:57:26',NULL,NULL),(30,'NF16-REP00','NF 16 PX 4% CERDAS REPOSICIÓN',0.01,0,1,'2025-07-21 16:54:37','2025-07-21 16:57:26',NULL,NULL),(31,'NF20-04MRP','NF 20 PX 4% CERDAS MULTIFASE RACION PREPARTO',0.01,0,1,'2025-07-21 16:54:37','2025-07-21 16:57:26',NULL,NULL),(32,'NF20-04MRPBB','NF 20 PX 4% CERDAS MULTIFASE RACION PREPARTO BIG BAG',0.01,0,1,'2025-07-21 16:54:37','2025-07-21 16:57:26',NULL,NULL),(324,'PTNA0009','ADIMIC EN BOLSA V1 (25KG)',0.01,0,2,'2025-07-21 16:54:37','2025-07-21 16:57:26',NULL,NULL),(325,'PTNA0010','ADIMIC EN BOLSA V2 (25KG)',0.01,0,2,'2025-07-21 16:54:37','2025-07-21 16:57:26',NULL,NULL),(326,'PTNA0011','ADIMIC EN BOLSA V3 (25KG)',0.01,0,2,'2025-07-21 16:54:37','2025-07-21 16:57:26',NULL,NULL),(327,'PTNA0012','ADIMIC EN BIGBAG V1 (1000KG)',0.01,0,2,'2025-07-21 16:54:37','2025-07-21 16:57:26',NULL,NULL),(328,'PTNA0013','ADIMIC EN BIGBAG V2 (1000KG)',0.01,0,2,'2025-07-21 16:54:37','2025-07-21 16:57:26',NULL,NULL),(329,'PTNA0014','ADIMIC EN BIGBAG V3 (1000KG)',0.01,0,2,'2025-07-21 16:54:37','2025-07-21 16:57:26',NULL,NULL),(330,'PTNA0044','TANFOL MONOGASTRICO EN BOLSA V1 (25KG)',0.01,0,2,'2025-07-21 16:54:37','2025-07-21 16:57:26',NULL,NULL),(331,'PTNA0046','TANFOL MONOGASTRICO EN BOLSA V2 (25KG)',0.01,0,2,'2025-07-21 16:54:37','2025-07-21 16:57:26',NULL,NULL),(332,'PTNA0048','TANFOL MONOGASTRICO EN BOLSA V3 (25KG)',0.01,0,2,'2025-07-21 16:54:37','2025-07-21 16:57:26',NULL,NULL),(333,'PTNA0050','TANFOL MONOGASTRICO EN BIGBAG V1 (900KG)',0.01,0,2,'2025-07-21 16:54:37','2025-07-21 16:57:26',NULL,NULL),(334,'PTNA0052','TANFOL MONOGASTRICO EN BIGBAG V2 (900KG)',0.01,0,2,'2025-07-21 16:54:37','2025-07-21 16:57:26',NULL,NULL),(335,'PTNA0062','TANFOL MONOGASTRICO EN BIGBAG V3 (900KG)',0.01,0,2,'2025-07-21 16:54:37','2025-07-21 16:57:26',NULL,NULL),(336,'PTNA0015','TANFOL BOVINOS EN BOLSA V1 (25KG)',0.01,0,2,'2025-07-21 16:54:37','2025-07-21 16:57:26',NULL,NULL),(337,'PTNA0016','TANFOL BOVINOS EN BOLSA V2 (25KG)',0.01,0,2,'2025-07-21 16:54:37','2025-07-21 16:57:26',NULL,NULL),(338,'PTNA0017','TANFOL BOVINOS EN BOLSA V3 (25KG)',0.01,0,2,'2025-07-21 16:54:37','2025-07-21 16:57:26',NULL,NULL),(339,'PTNA0051','TANFOL BOVINOS EN BIGBAG V1 (1000KG)',0.01,0,2,'2025-07-21 16:54:37','2025-07-21 16:57:26',NULL,NULL),(340,'PTNA0053','TANFOL BOVINOS EN BIGBAG V2 (1000KG)',0.01,0,2,'2025-07-21 16:54:37','2025-07-21 16:57:26',NULL,NULL),(341,'PTNA0063','TANFOL BOVINOS EN BIGBAG V3 (1000KG)',0.01,0,2,'2025-07-21 16:54:37','2025-07-21 16:57:26',NULL,NULL),(342,'PTNA0020','ALLMIC (BIOTER) BOLSA (25KG)',0.01,0,2,'2025-07-21 16:54:37','2025-07-21 16:57:26',NULL,NULL),(343,'PTNA0021','ALLMIC (BIOTER) BIGBAG (1000KG)',0.01,0,2,'2025-07-21 16:54:37','2025-07-21 16:57:26',NULL,NULL),(344,'PTNA0088','BIOMIC (BIOTER) BOLSA (25KG)',0.01,0,2,'2025-07-21 16:54:37','2025-07-21 16:57:26',NULL,NULL),(345,'PTNA0089','BIOMIC (BIOTER) BIGBAG (1000KG)',0.01,0,2,'2025-07-21 16:54:37','2025-07-21 16:57:26',NULL,NULL),(346,'PTNA0055','COLMAX EN BOLSA V1 (20KG)',0.01,0,2,'2025-07-21 16:54:37','2025-07-21 16:57:26',NULL,NULL),(347,'PTNA0108','COLMAX EN BOLSA V2 (20KG)',0.01,0,2,'2025-07-21 16:54:37','2025-07-21 16:57:26',NULL,NULL),(348,'PTNA0121','COLMAX EN BOLSA V3 (20KG)',0.01,0,2,'2025-07-21 16:54:37','2025-07-21 16:57:26',NULL,NULL),(349,'PTNA0056','COLMAX EN BIGBAG V1 (600KG)',0.01,0,2,'2025-07-21 16:54:37','2025-07-21 16:57:26',NULL,NULL),(350,'PTNA0140','COLMAX EN BIGBAG V2 (600KG)',0.01,0,2,'2025-07-21 16:54:37','2025-07-21 16:57:26',NULL,NULL),(351,'PTNA0142','COLMAX EN BIGBAG V3 (600KG)',0.01,0,2,'2025-07-21 16:54:37','2025-07-21 16:57:26',NULL,NULL),(352,'PTNA0033','LIPOWER EN BOLSA V1 (20KG)',0.01,0,2,'2025-07-21 16:54:37','2025-07-21 16:57:26',NULL,NULL),(353,'PTNA0109','LIPOWER EN BOLSA V2 (20KG)',0.01,0,2,'2025-07-21 16:54:37','2025-07-21 16:57:26',NULL,NULL),(354,'PTNA0122','LIPOWER EN BOLSA V3 (20KG)',0.01,0,2,'2025-07-21 16:54:37','2025-07-21 16:57:26',NULL,NULL),(355,'PTNA0058','DRYNOVA BOLSA V1 (20KG)',0.01,0,2,'2025-07-21 16:54:37','2025-07-21 16:57:26',NULL,NULL),(356,'PTNA0110','DRYNOVA BOLSA V2 (20KG)',0.01,0,2,'2025-07-21 16:54:37','2025-07-21 16:57:26',NULL,NULL),(357,'PTNA0123','DRYNOVA BOLSA V3 (20KG)',0.01,0,2,'2025-07-21 16:54:37','2025-07-21 16:57:26',NULL,NULL),(358,'PTNA0031','HEPATOSAFE BOLSA V1 (25KG)',0.01,0,2,'2025-07-21 16:54:37','2025-07-21 16:57:26',NULL,NULL),(359,'PTNA0111','HEPATOSAFE BOLSA V2 (25KG)',0.01,0,2,'2025-07-21 16:54:37','2025-07-21 16:57:26',NULL,NULL),(360,'PTNA0124','HEPATOSAFE BOLSA V3 (25KG)',0.01,0,2,'2025-07-21 16:54:37','2025-07-21 16:57:26',NULL,NULL),(361,'PTNA0029','FIBIRA BOLSA V1 (25KG)',0.01,0,2,'2025-07-21 16:54:37','2025-07-21 16:57:26',NULL,NULL),(362,'PTNA0112','FIBIRA BOLSA V2 (25KG)',0.01,0,2,'2025-07-21 16:54:37','2025-07-21 16:57:26',NULL,NULL),(363,'PTNA0125','FIBIRA BOLSA V3 (25KG)',0.01,0,2,'2025-07-21 16:54:37','2025-07-21 16:57:26',NULL,NULL),(364,'PTNA0036','SINERGIA BOLSA V1 (20KG)',0.01,0,2,'2025-07-21 16:54:37','2025-07-21 16:57:26',NULL,NULL),(365,'PTNA0174','SINERGIA BOLSA V2 (20KG)',0.01,0,2,'2025-07-21 16:54:37','2025-07-21 16:57:26',NULL,NULL),(366,'PTNA0175','SINERGIA BOLSA V3 (20KG)',0.01,0,2,'2025-07-21 16:54:37','2025-07-21 16:57:26',NULL,NULL),(367,'PTNA0177','ADIMIC COOP TANDIL BOLSA V1 (25KG)',0.01,0,2,'2025-07-21 16:54:37','2025-07-21 16:57:26',NULL,NULL),(368,'PTNA0018','ADSOR BOLSA V1 (25KG)',0.01,0,2,'2025-07-21 16:54:37','2025-07-21 16:57:26',NULL,NULL),(369,'PTNA0114','ADSOR BOLSA V2 (25KG)',0.01,0,2,'2025-07-21 16:54:37','2025-07-21 16:57:26',NULL,NULL),(370,'PTNA0127','ADSOR BOLSA V3 (25KG)',0.01,0,2,'2025-07-21 16:54:37','2025-07-21 16:57:26',NULL,NULL),(371,'PTNA0019','ADSOR BIGBAG V1 (1000KG)',0.01,0,2,'2025-07-21 16:54:37','2025-07-21 16:57:26',NULL,NULL),(372,'PTNA0141','ADSOR BIGBAG V2 (1000KG)',0.01,0,2,'2025-07-21 16:54:37','2025-07-21 16:57:26',NULL,NULL),(373,'PTNA0143','ADSOR BIGBAG V3 (1000KG)',0.01,0,2,'2025-07-21 16:54:37','2025-07-21 16:57:26',NULL,NULL),(374,'PTNA0071','SINERGIA SOLUBLE V1 (20KG)',0.01,0,2,'2025-07-21 16:54:37','2025-07-21 16:57:26',NULL,NULL),(375,'PTNA0176','ADIMIC COOP TANDIL BIGBAG V1 (1000KG)',0.01,0,2,'2025-07-21 16:54:37','2025-07-21 16:57:26',NULL,NULL),(376,'PTNL0002','FIBIRA SOLUBLE BOLSA V1 (25KG)',0.01,0,2,'2025-07-21 16:54:37','2025-07-21 16:57:26',NULL,NULL),(377,'PTNA0115','FIBIRA SOLUBLE BOLSA V2 (25KG)',0.01,0,2,'2025-07-21 16:54:37','2025-07-21 16:57:26',NULL,NULL),(378,'PTNA0128','FIBIRA SOLUBLE BOLSA V3 (25KG)',0.01,0,2,'2025-07-21 16:54:37','2025-07-21 16:57:26',NULL,NULL),(379,'PTNA0035','SINERGIA PECES V1 (10KG)',0.01,0,2,'2025-07-21 16:54:37','2025-07-21 16:57:26',NULL,NULL),(380,'PTNA0116','SINERGIA PECES V2 (10KG)',0.01,0,2,'2025-07-21 16:54:37','2025-07-21 16:57:26',NULL,NULL),(381,'PTNA0129','SINERGIA PECES V3 (10KG)',0.01,0,2,'2025-07-21 16:54:37','2025-07-21 16:57:26',NULL,NULL),(382,'PTNL0003','HEPATOSAFE LIQ V1 (10KG)',0.01,0,2,'2025-07-21 16:54:37','2025-07-21 16:57:26',NULL,NULL),(383,'PTNA0117','HEPATOSAFE LIQ V2 (10KG)',0.01,0,2,'2025-07-21 16:54:37','2025-07-21 16:57:26',NULL,NULL),(384,'PTNA0130','HEPATOSAFE LIQ V3 (10KG)',0.01,0,2,'2025-07-21 16:54:37','2025-07-21 16:57:26',NULL,NULL),(385,'PTNA0043','Tanfol Pet V1 (25KG)',0.01,0,2,'2025-07-21 16:54:37','2025-07-21 16:57:26',NULL,NULL),(386,'PTNA0178','Tanfol Pet V2 (25KG)',0.01,0,2,'2025-07-21 16:54:37','2025-07-21 16:57:26',NULL,NULL),(387,'PTNA0179','Tanfol Pet V3 (25KG)',0.01,0,2,'2025-07-21 16:54:37','2025-07-21 16:57:26',NULL,NULL),(388,'PTNL0005','CONCENTRADO ADIMIC EN BOLSA V1 (25KG)',0.01,0,2,'2025-07-21 16:54:37','2025-07-21 16:57:26',NULL,NULL),(389,'PTNA0181','CONCENTRADO ADIMIC EN BOLSA V2 (25KG)',0.01,0,2,'2025-07-21 16:54:37','2025-07-21 16:57:26',NULL,NULL),(390,'PTNA0182','CONCENTRADO ADIMIC EN BOLSA V3 (25KG)',0.01,0,2,'2025-07-21 16:54:37','2025-07-21 16:57:26',NULL,NULL),(391,'PTNA0183','CONCENTRADO ADIMIC BIGBAG V1 (800KG)',0.01,0,2,'2025-07-21 16:54:37','2025-07-21 16:57:26',NULL,NULL),(392,'PTNA0184','CONCENTRADO ADIMIC BIGBAG V2 (800KG)',0.01,0,2,'2025-07-21 16:54:37','2025-07-21 16:57:26',NULL,NULL),(393,'PTNA0185','CONCENTRADO ADIMIC BIGBAG V3 (800KG)',0.01,0,2,'2025-07-21 16:54:37','2025-07-21 16:57:26',NULL,NULL),(394,'PTNA0030','FIBIRA PET V2 (25KG)',0.01,0,2,'2025-07-21 16:54:37','2025-07-21 16:57:26',NULL,NULL),(395,'PTNA0080','Adimic Pet V2 (25KG)',0.01,0,2,'2025-07-21 16:54:37','2025-07-21 16:57:26',NULL,NULL),(396,'PTNA0032','HEPATOSAFE PET V2 (25KG)',0.01,0,2,'2025-07-21 16:54:37','2025-07-21 16:57:26',NULL,NULL),(397,'AD140001','ADIMIC EN BOLSA TV (25KG)',0.01,0,2,'2025-07-21 16:54:37','2025-07-21 16:57:26',NULL,NULL),(398,'AD140006','COLMAX EN BOLSA TV (20KG)',0.01,0,2,'2025-07-21 16:54:37','2025-07-21 16:57:26',NULL,NULL),(399,'AD140007','LIPOWER EN BOLSA TV (20KG)',0.01,0,2,'2025-07-21 16:54:37','2025-07-21 16:57:26',NULL,NULL),(400,'AD140002','TANFOL MONOGASTRICO EN BOLSA TV (25KG)',0.01,0,2,'2025-07-21 16:54:37','2025-07-21 16:57:26',NULL,NULL),(401,'AD140009','HEPATOSAFE BOLSA TV (25KG)',0.01,0,2,'2025-07-21 16:54:37','2025-07-21 16:57:26',NULL,NULL),(402,'PTNA0067','ENVIROCRON V1 (25KG)',0.01,0,2,'2025-07-21 16:54:37','2025-07-21 16:57:26',NULL,NULL),(403,'PTNA0159','ENVIROCRON V2 (25KG)',0.01,0,2,'2025-07-21 16:54:37','2025-07-21 16:57:26',NULL,NULL),(404,'PTNA0160','ENVIROCRON V3 (25KG)',0.01,0,2,'2025-07-21 16:54:37','2025-07-21 16:57:26',NULL,NULL),(405,'PTNA0072','SINERGIA BOVINOS V1 (25KG)',0.01,0,2,'2025-07-21 16:54:37','2025-07-21 16:57:26',NULL,NULL),(406,'PTNA0168','SINERGIA BOVINOS V2 (25KG)',0.01,0,2,'2025-07-21 16:54:37','2025-07-21 16:57:26',NULL,NULL),(407,'PTNA0169','SINERGIA BOVINOS V3 (25KG)',0.01,0,2,'2025-07-21 16:54:37','2025-07-21 16:57:26',NULL,NULL),(408,'PTNA0079','ADIMIC LAB SCOPE V1 (25KG)',0.01,0,2,'2025-07-21 16:54:37','2025-07-21 16:57:26',NULL,NULL),(409,'PTNA0187','Thermonova V1 (25KG)',0.01,0,2,'2025-07-21 16:54:37','2025-07-21 16:57:26',NULL,NULL),(410,'PTNA0188','Thermonova V2 (25KG)',0.01,0,2,'2025-07-21 16:54:37','2025-07-21 16:57:26',NULL,NULL),(411,'PTNA0189','Thermonova V3 (25KG)',0.01,0,2,'2025-07-21 16:54:37','2025-07-21 16:57:26',NULL,NULL),(412,'PTNA0076','COLMAX BOLIVIA (20KG)',0.01,0,2,'2025-07-21 16:54:37','2025-07-21 16:57:26',NULL,NULL),(413,'PTNA0077','FIBIRA BOLIVIA (25KG)',0.01,0,2,'2025-07-21 16:54:37','2025-07-21 16:57:26',NULL,NULL),(414,'PTNA0081','ADIMIC EN BOLSA BOLIVIA (25KG)',0.01,0,2,'2025-07-21 16:54:37','2025-07-21 16:57:26',NULL,NULL),(415,'PTNA0082','HEPATOSAFE BOLIVIA (25KG)',0.01,0,2,'2025-07-21 16:54:37','2025-07-21 16:57:26',NULL,NULL),(416,'PTNL0006','HEPATOSAFE LIQUIDO BOLIVIA (10KG)',0.01,0,2,'2025-07-21 16:54:37','2025-07-21 16:57:26',NULL,NULL),(417,'PTNL0007','HEPATOSAFE LIQUIDO X 1000 KGS V1 (1000KG)',0.01,0,2,'2025-07-21 16:54:37','2025-07-21 16:57:26',NULL,NULL),(418,'PTNA0190','CONCENTRADO ADIMIC LV (25KG)',0.01,0,2,'2025-07-21 16:54:37','2025-07-21 16:57:26',NULL,NULL),(419,'PTNL0008','HEPATOSAFE LIQUIDO X 1000 KGS V2 (1000KG)',0.01,0,2,'2025-07-21 16:54:37','2025-07-21 16:57:26',NULL,NULL),(420,'PTNL0009','HEPATOSAFE LIQUIDO X 1000 KGS V3 (1000KG)',0.01,0,2,'2025-07-21 16:54:37','2025-07-21 16:57:26',NULL,NULL),(421,'FS00-LAPX3','FARMERS LACTANCIA PX 3 %',0.01,0,1,'2025-07-28 17:19:14','2025-07-28 17:19:14',NULL,NULL),(422,'FS00-R1LPU','FARMERS RECRIA 1 LPU',0.01,0,1,'2025-07-28 17:19:14','2025-07-28 17:19:14',NULL,NULL),(423,'FS00-R2LPU','FARMERS RECRÍA 2 LPU',0.01,0,1,'2025-07-28 17:19:14','2025-07-28 17:19:14',NULL,NULL),(424,'FS00-R3C15','FARMERS RECRÍA 3 CONC. 15 %',0.01,0,1,'2025-07-28 17:19:14','2025-07-28 17:19:14',NULL,NULL),(425,'FS00-R4PX4','FARMERS RECRÍA 4 PX 4%',0.01,0,1,'2025-07-28 17:19:14','2025-07-28 17:19:14',NULL,NULL),(426,'FS00-DEPX3','FARMERS DESARROLLO PX 3%',0.01,0,1,'2025-07-28 17:19:14','2025-07-28 17:19:14',NULL,NULL),(427,'FS00-TEPX2','FARMERS TERMINACIÓN PX 2,5 %',0.01,0,1,'2025-07-28 17:19:14','2025-07-28 17:19:14',NULL,NULL),(428,'FS00-CRPX4','FARMERS CERDAS REPOSICIÓN PX 4 %',0.01,0,1,'2025-07-28 17:19:14','2025-07-28 17:19:14',NULL,NULL),(429,'FS00-GEPX3','FARMERS GESTACIÓN PX 3 %',0.01,0,1,'2025-07-28 17:19:14','2025-07-28 17:19:14',NULL,NULL),(430,'NF20-04MRP','NF 20 PX 4 % MACHO REPRODUCTOR',0.01,0,1,'2025-07-28 17:35:02','2025-07-28 17:35:02',NULL,NULL),(431,'NF32-NCC00','NF 32 NÚCLEO VIT. CREC. 3KG/TN',0.01,0,1,'2025-07-28 17:35:02','2025-07-28 17:35:02',NULL,NULL),(432,'NF33-NCT00','NF 33 NÚCLEO VIT. TERM. 3KG/TN',0.01,0,1,'2025-07-28 17:35:02','2025-07-28 17:35:02',NULL,NULL),(433,'NF00-SMC00','NF 101 SUIMICROS',0.01,0,1,'2025-07-28 17:35:02','2025-07-28 17:35:02',NULL,NULL),(434,'NF102-CFA0','NF 102 COBREFARMS',0.01,0,1,'2025-07-28 17:35:02','2025-07-28 17:35:02',NULL,NULL),(435,'NF00-45100','NF 451 TOP DRESS G1 LPU',0.01,0,1,'2025-07-28 17:35:02','2025-07-28 17:35:02',NULL,NULL),(436,'NF00-45200','NF 452 TOP DRESS G3 LPU',0.01,0,1,'2025-07-28 17:35:02','2025-07-28 17:35:02',NULL,NULL),(437,'NF00-52000','NF 520 FARM SABOR 5 KG/TN',0.01,0,1,'2025-07-28 17:35:02','2025-07-28 17:35:02',NULL,NULL),(438,'NF00-60000','NF 600 LACFARMS 2 KG/TN',0.01,0,1,'2025-07-28 17:35:02','2025-07-28 17:35:02',NULL,NULL),(439,'NF00-PXDC0','NF DESARROLLO CACHORRAS 4%',0.01,0,1,'2025-07-28 17:35:02','2025-07-28 17:35:02',NULL,NULL),(440,'NF00-SMT00','SECUESTRANTE',0.01,0,1,'2025-07-28 17:35:02','2025-07-28 17:35:02',NULL,NULL),(441,'NFMR-LPU00','NF MACHO REPRODUCTOR LPU',0.01,0,1,'2025-07-28 17:35:02','2025-07-28 17:35:02',NULL,NULL),(442,'NFST-ADM00','NF SEC ADIMIC',0.01,0,1,'2025-07-28 17:35:02','2025-07-28 17:35:02',NULL,NULL),(443,'NF00-PXDCB','NF DESARROLLO CACHORRAS 4% BIG BAG',0.01,0,1,'2025-07-28 17:35:02','2025-07-28 17:35:02',NULL,NULL);
/*!40000 ALTER TABLE `productos` ENABLE KEYS */;
UNLOCK TABLES;
/*!50003 SET @saved_cs_client      = @@character_set_client */ ;
/*!50003 SET @saved_cs_results     = @@character_set_results */ ;
/*!50003 SET @saved_col_connection = @@collation_connection */ ;
/*!50003 SET character_set_client  = utf8mb4 */ ;
/*!50003 SET character_set_results = utf8mb4 */ ;
/*!50003 SET collation_connection  = utf8mb4_0900_ai_ci */ ;
/*!50003 SET @saved_sql_mode       = @@sql_mode */ ;
/*!50003 SET sql_mode              = 'ONLY_FULL_GROUP_BY,STRICT_TRANS_TABLES,NO_ZERO_IN_DATE,NO_ZERO_DATE,ERROR_FOR_DIVISION_BY_ZERO,NO_ENGINE_SUBSTITUTION' */ ;
DELIMITER ;;
/*!50003 CREATE*/ /*!50017 DEFINER=`root`@`localhost`*/ /*!50003 TRIGGER `trg_producto_before_update` BEFORE UPDATE ON `productos` FOR EACH ROW BEGIN
    IF OLD.precio_unitario != NEW.precio_unitario THEN
        INSERT INTO `sistema_pedidos`.`historial_precios`
        (id_producto, precio_anterior, precio_nuevo, id_usuario)
        VALUES
        (OLD.id_producto, OLD.precio_unitario, NEW.precio_unitario, NEW.updated_by);
    END IF;
END */;;
DELIMITER ;
/*!50003 SET sql_mode              = @saved_sql_mode */ ;
/*!50003 SET character_set_client  = @saved_cs_client */ ;
/*!50003 SET character_set_results = @saved_cs_results */ ;
/*!50003 SET collation_connection  = @saved_col_connection */ ;

--
-- Table structure for table `productos_habilitados`
--

DROP TABLE IF EXISTS `productos_habilitados`;
/*!40101 SET @saved_cs_client     = @@character_set_client */;
/*!50503 SET character_set_client = utf8mb4 */;
CREATE TABLE `productos_habilitados` (
  `id_cliente` int NOT NULL,
  `id_producto` int NOT NULL,
  PRIMARY KEY (`id_cliente`,`id_producto`),
  KEY `id_producto` (`id_producto`),
  CONSTRAINT `productos_habilitados_ibfk_1` FOREIGN KEY (`id_cliente`) REFERENCES `clientes` (`id_cliente`),
  CONSTRAINT `productos_habilitados_ibfk_2` FOREIGN KEY (`id_producto`) REFERENCES `productos` (`id_producto`)
) ENGINE=InnoDB DEFAULT CHARSET=utf8mb4 COLLATE=utf8mb4_0900_ai_ci;
/*!40101 SET character_set_client = @saved_cs_client */;

--
-- Dumping data for table `productos_habilitados`
--

LOCK TABLES `productos_habilitados` WRITE;
/*!40000 ALTER TABLE `productos_habilitados` DISABLE KEYS */;
INSERT INTO `productos_habilitados` VALUES (2,1),(12,1),(13,1),(30,1),(37,1),(39,1),(56,1),(82,1),(12,2),(27,2),(30,2),(37,2),(39,2),(56,2),(82,2),(2,3),(27,3),(30,3),(37,3),(39,3),(56,3),(82,3),(1,4),(27,4),(37,4),(39,4),(56,4),(82,4),(3,5),(1,6),(3,6),(27,6),(37,6),(39,6),(82,6),(1,8),(27,8),(37,8),(39,8),(82,8),(82,9),(1,13),(24,13),(27,13),(37,13),(39,13),(1,18),(24,18),(27,18),(39,18),(56,18),(2,21),(1,22),(27,22),(39,22),(56,22),(24,23),(1,24),(27,24),(39,24),(56,24),(24,26),(27,26),(39,26),(27,27),(1,28),(24,28),(27,28),(39,28),(1,29),(24,30),(27,30),(39,30),(39,324),(59,324),(61,324),(80,324),(59,346),(61,346),(80,346),(59,358),(61,358),(80,358),(61,364),(59,382),(61,382),(36,421),(36,422),(36,423),(36,424),(36,425),(37,425),(36,426),(24,427),(36,427),(36,428),(36,429),(24,434),(36,434),(37,434),(39,434),(56,434),(82,436),(82,441),(36,442);
/*!40000 ALTER TABLE `productos_habilitados` ENABLE KEYS */;
UNLOCK TABLES;

--
-- Table structure for table `proveedores`
--

DROP TABLE IF EXISTS `proveedores`;
/*!40101 SET @saved_cs_client     = @@character_set_client */;
/*!50503 SET character_set_client = utf8mb4 */;
CREATE TABLE `proveedores` (
  `id_proveedor` int NOT NULL AUTO_INCREMENT,
  `nombre` varchar(255) NOT NULL,
  `activo` tinyint(1) DEFAULT '1',
  `created_at` datetime DEFAULT CURRENT_TIMESTAMP,
  `updated_at` datetime DEFAULT CURRENT_TIMESTAMP ON UPDATE CURRENT_TIMESTAMP,
  `created_by` int DEFAULT NULL,
  `updated_by` int DEFAULT NULL,
  PRIMARY KEY (`id_proveedor`)
) ENGINE=InnoDB AUTO_INCREMENT=3 DEFAULT CHARSET=utf8mb4 COLLATE=utf8mb4_0900_ai_ci;
/*!40101 SET character_set_client = @saved_cs_client */;

--
-- Dumping data for table `proveedores`
--

LOCK TABLES `proveedores` WRITE;
/*!40000 ALTER TABLE `proveedores` DISABLE KEYS */;
INSERT INTO `proveedores` VALUES (1,'Nutrifarms',1,'2025-07-21 16:54:37','2025-07-21 16:54:37',NULL,NULL),(2,'Adinnova',1,'2025-07-21 16:54:37','2025-07-31 14:34:04',NULL,NULL);
/*!40000 ALTER TABLE `proveedores` ENABLE KEYS */;
UNLOCK TABLES;

--
-- Table structure for table `rol`
--

DROP TABLE IF EXISTS `rol`;
/*!40101 SET @saved_cs_client     = @@character_set_client */;
/*!50503 SET character_set_client = utf8mb4 */;
CREATE TABLE `rol` (
  `id` bigint unsigned NOT NULL AUTO_INCREMENT,
  `rol_type` bigint NOT NULL,
  PRIMARY KEY (`id`)
) ENGINE=InnoDB AUTO_INCREMENT=3 DEFAULT CHARSET=utf8mb4 COLLATE=utf8mb4_0900_ai_ci;
/*!40101 SET character_set_client = @saved_cs_client */;

--
-- Dumping data for table `rol`
--

LOCK TABLES `rol` WRITE;
/*!40000 ALTER TABLE `rol` DISABLE KEYS */;
INSERT INTO `rol` VALUES (1,1),(2,2);
/*!40000 ALTER TABLE `rol` ENABLE KEYS */;
UNLOCK TABLES;

--
-- Table structure for table `usuarios`
--

DROP TABLE IF EXISTS `usuarios`;
/*!40101 SET @saved_cs_client     = @@character_set_client */;
/*!50503 SET character_set_client = utf8mb4 */;
CREATE TABLE `usuarios` (
  `id_usuario` int NOT NULL AUTO_INCREMENT,
  `nombre` varchar(100) NOT NULL,
  `email` varchar(100) DEFAULT NULL,
  `password` varchar(255) NOT NULL,
  `rol_id` bigint unsigned NOT NULL,
  PRIMARY KEY (`id_usuario`),
  KEY `rol_id` (`rol_id`),
  KEY `idx_usuarios_email` (`email`),
  CONSTRAINT `usuarios_ibfk_1` FOREIGN KEY (`rol_id`) REFERENCES `rol` (`id`)
) ENGINE=InnoDB AUTO_INCREMENT=9 DEFAULT CHARSET=utf8mb4 COLLATE=utf8mb4_0900_ai_ci;
/*!40101 SET character_set_client = @saved_cs_client */;

--
-- Dumping data for table `usuarios`
--

LOCK TABLES `usuarios` WRITE;
/*!40000 ALTER TABLE `usuarios` DISABLE KEYS */;
INSERT INTO `usuarios` VALUES (1,'Usuario','user','$2b$10$6TsCrexcisC.Ad/rqvvh5OeZRKqB734gxaQ0GkKpcRwmwNfx3gJva',1),(2,'Administrador','admin','$2b$10$JEe4fcWPaQDi6T5ZMbmvyeKrVOeqKwvr9aVAM15LaB/6hOnaVJbWy',2),(3,'Usuario','juano','$2b$10$1NeCjSssp8oRHqh/lvU9/eLKNCteV3fiTkJoonv2Z96cM2piIJ0Vq',1),(4,'Usuario','leo','$2b$10$MAeMwKSRnwqkGbZGWFnrxOmoDBkmX1tJYIk2PIMGnr5MrHwm49fhC',1),(5,'Usuario','nacho','$2b$10$7Cv.6Mz/nwJEB1MDEz4X2eULKyrZUzc10qbBzK5pVdH9DgHUECCr.',1),(6,'Juan Manuel Torossi','jtorossi','$2b$10$1NeCjSssp8oRHqh/lvU9/eLKNCteV3fiTkJoonv2Z96cM2piIJ0Vq',1),(7,'Leonardo Costa','lcosta','$2b$10$MAeMwKSRnwqkGbZGWFnrxOmoDBkmX1tJYIk2PIMGnr5MrHwm49fhC',1),(8,'Ignacio Elua','ielua','$2b$10$7Cv.6Mz/nwJEB1MDEz4X2eULKyrZUzc10qbBzK5pVdH9DgHUECCr.',1);
/*!40000 ALTER TABLE `usuarios` ENABLE KEYS */;
UNLOCK TABLES;
/*!40103 SET TIME_ZONE=@OLD_TIME_ZONE */;

/*!40101 SET SQL_MODE=@OLD_SQL_MODE */;
/*!40014 SET FOREIGN_KEY_CHECKS=@OLD_FOREIGN_KEY_CHECKS */;
/*!40014 SET UNIQUE_CHECKS=@OLD_UNIQUE_CHECKS */;
/*!40101 SET CHARACTER_SET_CLIENT=@OLD_CHARACTER_SET_CLIENT */;
/*!40101 SET CHARACTER_SET_RESULTS=@OLD_CHARACTER_SET_RESULTS */;
/*!40101 SET COLLATION_CONNECTION=@OLD_COLLATION_CONNECTION */;
/*!40111 SET SQL_NOTES=@OLD_SQL_NOTES */;

-- Dump completed on 2025-09-01 11:00:18
